id,data_format,access,cases,file_name,data_category,submitter_id,type,created_datetime,file_size,md5sum,updated_datetime,file_id,data_type,state,experimental_strategy,version,data_release,project,analysis_id,analysis_state,analysis_submitter_id,analysis_workflow_link,analysis_workflow_type,analysis_workflow_version,sample_type,is_ffpe,cases.submitter_id,sample.submitter_id
c1d41401-9e14-427a-9b03-83caea8b9669,TXT,open,TCGA-OR-A5LO-01A-11R-A29S-07,e6f0f18e-2e3b-430d-a51a-180daa250e0c.htseq.counts.gz,Transcriptome Profiling,e6f0f18e-2e3b-430d-a51a-180daa250e0c_count,gene_expression,2016-05-26T21:19:35.271686-05:00,251698,6e7c8b56527e519d7164827c24cb9f9b,2018-09-06T16:27:27.906249-05:00,c1d41401-9e14-427a-9b03-83caea8b9669,Gene Expression Quantification,released,RNA-Seq,1,12.0 - 28.0,TCGA-ACC,6eddbd57-4aca-4995-a3e3-d3523c88afde,released,e6f0f18e-2e3b-430d-a51a-180daa250e0c_count,https://github.com/NCI-GDC/htseq-cwl,HTSeq - Counts,v1,Primary Tumor,FALSE,TCGA-OR-A5LO,TCGA-OR-A5LO-01A
64d94d74-0aae-4d19-897f-ddc5ca5cad1c,TXT,open,TCGA-P6-A5OG-01A-22R-A29S-07,71ce8148-dbf1-4a0c-a9d8-72c01c2bf071.htseq.counts.gz,Transcriptome Profiling,71ce8148-dbf1-4a0c-a9d8-72c01c2bf071_count,gene_expression,2016-05-26T21:09:03.162513-05:00,252801,8f34fb6069ef437cd76e720d25eddab4,2018-09-06T16:27:27.906249-05:00,64d94d74-0aae-4d19-897f-ddc5ca5cad1c,Gene Expression Quantification,released,RNA-Seq,1,12.0 - 28.0,TCGA-ACC,4ccfb2e9-bce6-4317-b8d5-837b1f2db4dc,released,71ce8148-dbf1-4a0c-a9d8-72c01c2bf071_count,https://github.com/NCI-GDC/htseq-cwl,HTSeq - Counts,v1,Primary Tumor,FALSE,TCGA-P6-A5OG,TCGA-P6-A5OG-01A
a9cb071e-56e9-4827-8854-0a532822ebc1,TXT,open,TCGA-OR-A5J6-01A-31R-A29S-07,b5bfd4bc-6740-4213-b31a-31d368a7319a.htseq.counts.gz,Transcriptome Profiling,b5bfd4bc-6740-4213-b31a-31d368a7319a_count,gene_expression,2016-05-30T18:46:58.981684-05:00,247289,0f112d155f66d0bdcf7d6849c31a843b,2018-09-06T16:27:27.906249-05:00,a9cb071e-56e9-4827-8854-0a532822ebc1,Gene Expression Quantification,released,RNA-Seq,1,12.0 - 28.0,TCGA-ACC,0ccc45b4-4197-427c-bcef-15b762e5b807,released,b5bfd4bc-6740-4213-b31a-31d368a7319a_count,https://github.com/NCI-GDC/htseq-cwl,HTSeq - Counts,v1,Primary Tumor,FALSE,TCGA-OR-A5J6,TCGA-OR-A5J6-01A
3ae97dc9-0ea3-4ee2-8334-a6f4e18dbd14,TXT,open,TCGA-OR-A5LT-01A-11R-A29S-07,ae2fe0b0-d379-412f-9a8a-85195542d4c1.htseq.counts.gz,Transcriptome Profiling,ae2fe0b0-d379-412f-9a8a-85195542d4c1_count,gene_expression,2016-05-26T21:16:02.369447-05:00,245085,1f710e98d192e58018df2e4c364bc06b,2018-09-06T16:27:27.906249-05:00,3ae97dc9-0ea3-4ee2-8334-a6f4e18dbd14,Gene Expression Quantification,released,RNA-Seq,1,12.0 - 28.0,TCGA-ACC,25df9ced-8d93-4f02-88de-4b3530f1077a,released,ae2fe0b0-d379-412f-9a8a-85195542d4c1_count,https://github.com/NCI-GDC/htseq-cwl,HTSeq - Counts,v1,Primary Tumor,FALSE,TCGA-OR-A5LT,TCGA-OR-A5LT-01A
9b3520b4-dc1d-4478-8453-f53f7b4a0d95,TXT,open,TCGA-OR-A5JY-01A-31R-A29S-07,e85942cf-02d4-45f4-b06b-d01e53711241.htseq.counts.gz,Transcriptome Profiling,e85942cf-02d4-45f4-b06b-d01e53711241_count,gene_expression,2016-05-29T10:10:59.021076-05:00,251302,0143399ae6adfdb3be51694c463273a0,2018-09-06T16:27:27.906249-05:00,9b3520b4-dc1d-4478-8453-f53f7b4a0d95,Gene Expression Quantification,released,RNA-Seq,1,12.0 - 28.0,TCGA-ACC,6f0ffb25-fcc0-49ed-838b-d341e00e831e,released,e85942cf-02d4-45f4-b06b-d01e53711241_count,https://github.com/NCI-GDC/htseq-cwl,HTSeq - Counts,v1,Primary Tumor,FALSE,TCGA-OR-A5JY,TCGA-OR-A5JY-01A
b121abec-aae8-41a5-b20a-99e4ed458f22,TXT,open,TCGA-OR-A5JV-01A-11R-A29S-07,2590079e-a224-4af4-8f3f-29fb8972278c.htseq.counts.gz,Transcriptome Profiling,2590079e-a224-4af4-8f3f-29fb8972278c_count,gene_expression,2016-05-29T10:13:01.670167-05:00,249980,732e0f702890b76e7a96b10c8e392bcf,2018-09-06T16:27:27.906249-05:00,b121abec-aae8-41a5-b20a-99e4ed458f22,Gene Expression Quantification,released,RNA-Seq,1,12.0 - 28.0,TCGA-ACC,43a7671b-505b-4220-9c29-26f75148b59c,released,2590079e-a224-4af4-8f3f-29fb8972278c_count,https://github.com/NCI-GDC/htseq-cwl,HTSeq - Counts,v1,Primary Tumor,FALSE,TCGA-OR-A5JV,TCGA-OR-A5JV-01A
fe060167-adf7-4853-a660-b7b27a0d53e8,TXT,open,TCGA-OR-A5JT-01A-11R-A29S-07,ba49bfa6-fca7-4ef0-a05d-c23cb651f642.htseq.counts.gz,Transcriptome Profiling,ba49bfa6-fca7-4ef0-a05d-c23cb651f642_count,gene_expression,2016-05-30T18:43:25.227469-05:00,249528,5eb59ca117ec2ee75fe3a391a6f9ca60,2018-09-06T16:27:27.906249-05:00,fe060167-adf7-4853-a660-b7b27a0d53e8,Gene Expression Quantification,released,RNA-Seq,1,12.0 - 28.0,TCGA-ACC,df36bd66-0e83-43c3-8f78-d3a59bfc4862,released,ba49bfa6-fca7-4ef0-a05d-c23cb651f642_count,https://github.com/NCI-GDC/htseq-cwl,HTSeq - Counts,v1,Primary Tumor,FALSE,TCGA-OR-A5JT,TCGA-OR-A5JT-01A
dac97b07-95e6-4f7b-b90d-fbca60ba240e,TXT,open,TCGA-OR-A5KX-01A-11R-A29S-07,437ad095-c2bd-475f-ba1d-a5ffdd17ab7f.htseq.counts.gz,Transcriptome Profiling,437ad095-c2bd-475f-ba1d-a5ffdd17ab7f_count,gene_expression,2016-05-29T10:10:30.914683-05:00,249745,8f0a913219d891d80be308e22b33e685,2018-09-06T16:27:27.906249-05:00,dac97b07-95e6-4f7b-b90d-fbca60ba240e,Gene Expression Quantification,released,RNA-Seq,1,12.0 - 28.0,TCGA-ACC,cc4453e1-8b1f-4e82-9e63-519d132809e1,released,437ad095-c2bd-475f-ba1d-a5ffdd17ab7f_count,https://github.com/NCI-GDC/htseq-cwl,HTSeq - Counts,v1,Primary Tumor,FALSE,TCGA-OR-A5KX,TCGA-OR-A5KX-01A
f03a6e13-2af2-409b-925e-df318d66d44c,TXT,open,TCGA-OR-A5K3-01A-11R-A29S-07,a31ae0ac-683a-4e75-9af7-03bae233d6f2.htseq.counts.gz,Transcriptome Profiling,a31ae0ac-683a-4e75-9af7-03bae233d6f2_count,gene_expression,2016-05-30T18:46:22.101090-05:00,240651,6876e2aa1bbbd811183a883ee74ee774,2018-09-06T16:27:27.906249-05:00,f03a6e13-2af2-409b-925e-df318d66d44c,Gene Expression Quantification,released,RNA-Seq,1,12.0 - 28.0,TCGA-ACC,b43860d8-39f6-4cb2-a7bf-e03d9a11fabb,released,a31ae0ac-683a-4e75-9af7-03bae233d6f2_count,https://github.com/NCI-GDC/htseq-cwl,HTSeq - Counts,v1,Primary Tumor,FALSE,TCGA-OR-A5K3,TCGA-OR-A5K3-01A
411e153c-2717-4fa8-9394-2477e390e448,TXT,open,TCGA-OR-A5JZ-01A-11R-A29S-07,c56a53fd-2141-4531-8c4d-d782038cbb7d.htseq.counts.gz,Transcriptome Profiling,c56a53fd-2141-4531-8c4d-d782038cbb7d_count,gene_expression,2016-05-29T10:54:11.764069-05:00,245664,aa81a38522b36d3ee21168574dd17ef5,2018-09-06T16:27:27.906249-05:00,411e153c-2717-4fa8-9394-2477e390e448,Gene Expression Quantification,released,RNA-Seq,1,12.0 - 28.0,TCGA-ACC,7f90bf45-0169-48f0-abfd-50f405a766dc,released,c56a53fd-2141-4531-8c4d-d782038cbb7d_count,https://github.com/NCI-GDC/htseq-cwl,HTSeq - Counts,v1,Primary Tumor,FALSE,TCGA-OR-A5JZ,TCGA-OR-A5JZ-01A
ac398872-dd54-46ed-8353-c36eddd1810a,TXT,open,TCGA-OR-A5LC-01A-11R-A29S-07,a2b0ce71-f202-4dca-9882-5ca0f5b97f34.htseq.counts.gz,Transcriptome Profiling,a2b0ce71-f202-4dca-9882-5ca0f5b97f34_count,gene_expression,2016-05-30T19:04:30.851993-05:00,246490,7f920e8b03c577277bd9644ea4343f7e,2018-09-06T16:27:27.906249-05:00,ac398872-dd54-46ed-8353-c36eddd1810a,Gene Expression Quantification,released,RNA-Seq,1,12.0 - 28.0,TCGA-ACC,0e7f79a7-05cb-4c1c-a5e9-f5632a4df8aa,released,a2b0ce71-f202-4dca-9882-5ca0f5b97f34_count,https://github.com/NCI-GDC/htseq-cwl,HTSeq - Counts,v1,Primary Tumor,FALSE,TCGA-OR-A5LC,TCGA-OR-A5LC-01A
7c6e3496-1534-4670-8aca-0ded505bb65e,TXT,open,TCGA-OR-A5LH-01A-11R-A29S-07,bfa79392-9a5f-4b19-8e85-b2d3cda524b9.htseq.counts.gz,Transcriptome Profiling,bfa79392-9a5f-4b19-8e85-b2d3cda524b9_count,gene_expression,2016-05-30T18:50:29.126226-05:00,250501,829a96b501c72c08f03e676e7bd10f01,2018-09-06T16:27:27.906249-05:00,7c6e3496-1534-4670-8aca-0ded505bb65e,Gene Expression Quantification,released,RNA-Seq,1,12.0 - 28.0,TCGA-ACC,d52b7b27-b2a3-4235-bc5e-0be30058d839,released,bfa79392-9a5f-4b19-8e85-b2d3cda524b9_count,https://github.com/NCI-GDC/htseq-cwl,HTSeq - Counts,v1,Primary Tumor,FALSE,TCGA-OR-A5LH,TCGA-OR-A5LH-01A
dc0e42d8-925e-458c-a7e5-8460b7c1a272,TXT,open,TCGA-OR-A5LM-01A-11R-A29S-07,1e7744d0-6924-4d35-8a8e-b690efcd6742.htseq.counts.gz,Transcriptome Profiling,1e7744d0-6924-4d35-8a8e-b690efcd6742_count,gene_expression,2016-05-29T11:14:06.832071-05:00,247470,a023226c6b6ccf222ab35d2f2a06329e,2018-09-06T16:27:27.906249-05:00,dc0e42d8-925e-458c-a7e5-8460b7c1a272,Gene Expression Quantification,released,RNA-Seq,1,12.0 - 28.0,TCGA-ACC,b2e975e2-714d-4bdb-8a30-b71da51d81ec,released,1e7744d0-6924-4d35-8a8e-b690efcd6742_count,https://github.com/NCI-GDC/htseq-cwl,HTSeq - Counts,v1,Primary Tumor,FALSE,TCGA-OR-A5LM,TCGA-OR-A5LM-01A
0197e35a-79b9-43cc-baab-10264da1b725,TXT,open,TCGA-OR-A5J5-01A-11R-A29S-07,a51b7073-656b-4fe2-a437-f3d573bab3ac.htseq.counts.gz,Transcriptome Profiling,a51b7073-656b-4fe2-a437-f3d573bab3ac_count,gene_expression,2016-05-30T18:26:43.740200-05:00,249736,25556061645f097d50840d7c86d3d93d,2018-09-06T16:27:27.906249-05:00,0197e35a-79b9-43cc-baab-10264da1b725,Gene Expression Quantification,released,RNA-Seq,1,12.0 - 28.0,TCGA-ACC,7e884cdf-3fa8-4d33-9ca3-0151d3ced433,released,a51b7073-656b-4fe2-a437-f3d573bab3ac_count,https://github.com/NCI-GDC/htseq-cwl,HTSeq - Counts,v1,Primary Tumor,FALSE,TCGA-OR-A5J5,TCGA-OR-A5J5-01A
93b81ee6-d07f-4bc5-92ec-136dd30fca3b,TXT,open,TCGA-P6-A5OF-01A-11R-A29S-07,0a31e630-9db3-436f-b2a6-4a7276a4c1bf.htseq.counts.gz,Transcriptome Profiling,0a31e630-9db3-436f-b2a6-4a7276a4c1bf_count,gene_expression,2016-05-29T10:47:20.111342-05:00,253727,cf533803cd2d7acca1082b6ff75659c1,2018-09-06T16:27:27.906249-05:00,93b81ee6-d07f-4bc5-92ec-136dd30fca3b,Gene Expression Quantification,released,RNA-Seq,1,12.0 - 28.0,TCGA-ACC,f749524d-a8a8-4d29-97bb-68752f06d670,released,0a31e630-9db3-436f-b2a6-4a7276a4c1bf_count,https://github.com/NCI-GDC/htseq-cwl,HTSeq - Counts,v1,Primary Tumor,FALSE,TCGA-P6-A5OF,TCGA-P6-A5OF-01A
ca5ab97d-1b27-4322-a7df-d2f6ea0f4639,TXT,open,TCGA-OR-A5LD-01A-11R-A29S-07,42449353-9dca-4ec7-90b1-408c9d7a4224.htseq.counts.gz,Transcriptome Profiling,42449353-9dca-4ec7-90b1-408c9d7a4224_count,gene_expression,2016-05-29T11:05:47.011350-05:00,239752,41d025870d34eb46178b56aaa3654d3a,2018-09-06T16:27:27.906249-05:00,ca5ab97d-1b27-4322-a7df-d2f6ea0f4639,Gene Expression Quantification,released,RNA-Seq,1,12.0 - 28.0,TCGA-ACC,1568f665-50e1-4432-9d66-a45f30de5e35,released,42449353-9dca-4ec7-90b1-408c9d7a4224_count,https://github.com/NCI-GDC/htseq-cwl,HTSeq - Counts,v1,Primary Tumor,FALSE,TCGA-OR-A5LD,TCGA-OR-A5LD-01A
dd352d07-5c4d-4331-82fe-436c7eeff01c,TXT,open,TCGA-OR-A5L3-01A-11R-A29S-07,c5715764-702a-423d-bf75-c1fde1e94c01.htseq.counts.gz,Transcriptome Profiling,c5715764-702a-423d-bf75-c1fde1e94c01_count,gene_expression,2016-05-30T18:39:15.210732-05:00,241294,20370666a6692eb0b927e0356ec652f9,2018-09-06T16:27:27.906249-05:00,dd352d07-5c4d-4331-82fe-436c7eeff01c,Gene Expression Quantification,released,RNA-Seq,1,12.0 - 28.0,TCGA-ACC,0d2f7fba-71d6-4f1e-96bc-581d710ee3f7,released,c5715764-702a-423d-bf75-c1fde1e94c01_count,https://github.com/NCI-GDC/htseq-cwl,HTSeq - Counts,v1,Primary Tumor,FALSE,TCGA-OR-A5L3,TCGA-OR-A5L3-01A
6f86c08f-a656-451c-8f85-c9a4e7a35e3a,TXT,open,TCGA-OR-A5LK-01A-11R-A29S-07,b06eed9e-bc1f-4c75-a2ed-341bf1a8b94a.htseq.counts.gz,Transcriptome Profiling,b06eed9e-bc1f-4c75-a2ed-341bf1a8b94a_count,gene_expression,2016-05-30T18:32:28.288641-05:00,240794,f5b704ffd42ad599acf51b14d00bbfe8,2018-09-06T16:27:27.906249-05:00,6f86c08f-a656-451c-8f85-c9a4e7a35e3a,Gene Expression Quantification,released,RNA-Seq,1,12.0 - 28.0,TCGA-ACC,6b3d3025-bbb2-446c-8acc-9199ee1f255a,released,b06eed9e-bc1f-4c75-a2ed-341bf1a8b94a_count,https://github.com/NCI-GDC/htseq-cwl,HTSeq - Counts,v1,Primary Tumor,FALSE,TCGA-OR-A5LK,TCGA-OR-A5LK-01A
460d930f-95c1-4267-863c-15e32d60b9ad,TXT,open,TCGA-OR-A5LG-01A-11R-A29S-07,921d89a5-6d80-4473-ab43-b459e52fbfac.htseq.counts.gz,Transcriptome Profiling,921d89a5-6d80-4473-ab43-b459e52fbfac_count,gene_expression,2016-05-30T19:05:50.137848-05:00,249272,efad238ec90d1ca28ea5eb62ad070b4d,2018-09-06T16:27:27.906249-05:00,460d930f-95c1-4267-863c-15e32d60b9ad,Gene Expression Quantification,released,RNA-Seq,1,12.0 - 28.0,TCGA-ACC,c0024fc9-0ab3-445b-a00d-ad0ae533ef91,released,921d89a5-6d80-4473-ab43-b459e52fbfac_count,https://github.com/NCI-GDC/htseq-cwl,HTSeq - Counts,v1,Primary Tumor,FALSE,TCGA-OR-A5LG,TCGA-OR-A5LG-01A
5a4375c0-7a32-4e98-ab2c-48a120df6b94,TXT,open,TCGA-OR-A5KO-01A-11R-A29S-07,6fbeb872-404d-4844-b289-cec24bce9e36.htseq.counts.gz,Transcriptome Profiling,6fbeb872-404d-4844-b289-cec24bce9e36_count,gene_expression,2016-05-29T10:59:29.904522-05:00,251058,083119b2f06f03cb15af68826750b098,2018-09-06T16:27:27.906249-05:00,5a4375c0-7a32-4e98-ab2c-48a120df6b94,Gene Expression Quantification,released,RNA-Seq,1,12.0 - 28.0,TCGA-ACC,63417ed8-78fa-450e-833d-7409a411ca0a,released,6fbeb872-404d-4844-b289-cec24bce9e36_count,https://github.com/NCI-GDC/htseq-cwl,HTSeq - Counts,v1,Primary Tumor,FALSE,TCGA-OR-A5KO,TCGA-OR-A5KO-01A
2c329656-09ae-4889-8283-ce519a4abc15,TXT,open,TCGA-OR-A5JJ-01A-11R-A29S-07,591900d8-1acb-4a33-b195-6f7a92b9036b.htseq.counts.gz,Transcriptome Profiling,591900d8-1acb-4a33-b195-6f7a92b9036b_count,gene_expression,2016-05-30T18:33:35.916771-05:00,253196,4326b344297841bead9c3a0e420c2338,2018-09-06T16:27:27.906249-05:00,2c329656-09ae-4889-8283-ce519a4abc15,Gene Expression Quantification,released,RNA-Seq,1,12.0 - 28.0,TCGA-ACC,2e34f995-4e27-4d51-81bb-696e1c26a34d,released,591900d8-1acb-4a33-b195-6f7a92b9036b_count,https://github.com/NCI-GDC/htseq-cwl,HTSeq - Counts,v1,Primary Tumor,FALSE,TCGA-OR-A5JJ,TCGA-OR-A5JJ-01A
f0df43f5-eeb6-45ea-abef-b0ccd54ee0c8,TXT,open,TCGA-OR-A5JL-01A-11R-A29S-07,9c2d50d4-53ad-4681-8008-a20884ff5ff5.htseq.counts.gz,Transcriptome Profiling,9c2d50d4-53ad-4681-8008-a20884ff5ff5_count,gene_expression,2016-05-26T21:10:25.761531-05:00,250514,6474ac7d477937856fe3d504af6dab3c,2018-09-06T16:27:27.906249-05:00,f0df43f5-eeb6-45ea-abef-b0ccd54ee0c8,Gene Expression Quantification,released,RNA-Seq,1,12.0 - 28.0,TCGA-ACC,ce39cc45-3b9f-4791-9021-803471268947,released,9c2d50d4-53ad-4681-8008-a20884ff5ff5_count,https://github.com/NCI-GDC/htseq-cwl,HTSeq - Counts,v1,Primary Tumor,FALSE,TCGA-OR-A5JL,TCGA-OR-A5JL-01A
7c27d271-a0bd-40c0-bcee-c2fea19c114a,TXT,open,TCGA-OR-A5KV-01A-11R-A29S-07,48d25b60-7991-46ba-b0b8-7c61c1258eb8.htseq.counts.gz,Transcriptome Profiling,48d25b60-7991-46ba-b0b8-7c61c1258eb8_count,gene_expression,2016-05-26T21:20:51.030426-05:00,249755,fee00d7d7d6adcc724e60fa41b6e5a47,2018-09-06T16:27:27.906249-05:00,7c27d271-a0bd-40c0-bcee-c2fea19c114a,Gene Expression Quantification,released,RNA-Seq,1,12.0 - 28.0,TCGA-ACC,03b228f7-6068-4a3a-849e-aac29f278e54,released,48d25b60-7991-46ba-b0b8-7c61c1258eb8_count,https://github.com/NCI-GDC/htseq-cwl,HTSeq - Counts,v1,Primary Tumor,FALSE,TCGA-OR-A5KV,TCGA-OR-A5KV-01A
317f29df-5aa9-4a61-899e-2f2ce6ecb7ba,TXT,open,TCGA-OR-A5JE-01A-11R-A29S-07,da33344b-b0d8-4504-bf2c-95aed9bf607a.htseq.counts.gz,Transcriptome Profiling,da33344b-b0d8-4504-bf2c-95aed9bf607a_count,gene_expression,2016-05-29T11:03:00.654678-05:00,246950,b3aa599ab471d920444fab33faa960e1,2018-09-06T16:27:27.906249-05:00,317f29df-5aa9-4a61-899e-2f2ce6ecb7ba,Gene Expression Quantification,released,RNA-Seq,1,12.0 - 28.0,TCGA-ACC,be48953f-10d5-4b15-a490-c83af9946ce2,released,da33344b-b0d8-4504-bf2c-95aed9bf607a_count,https://github.com/NCI-GDC/htseq-cwl,HTSeq - Counts,v1,Primary Tumor,FALSE,TCGA-OR-A5JE,TCGA-OR-A5JE-01A
dcca3dbe-cab2-4ece-bbaa-ebf7f21ecdd8,TXT,open,TCGA-PK-A5HB-01A-11R-A29S-07,132765d2-100e-4edf-a93c-0627c102cc10.htseq.counts.gz,Transcriptome Profiling,132765d2-100e-4edf-a93c-0627c102cc10_count,gene_expression,2016-05-30T18:31:27.616624-05:00,250342,70a53e417e1815b9ba96b7d2053f916b,2018-09-06T16:27:27.906249-05:00,dcca3dbe-cab2-4ece-bbaa-ebf7f21ecdd8,Gene Expression Quantification,released,RNA-Seq,1,12.0 - 28.0,TCGA-ACC,3a04b2fe-9788-4934-88d9-62939ab1d370,released,132765d2-100e-4edf-a93c-0627c102cc10_count,https://github.com/NCI-GDC/htseq-cwl,HTSeq - Counts,v1,Primary Tumor,FALSE,TCGA-PK-A5HB,TCGA-PK-A5HB-01A
aac9927f-add3-448a-b802-1dbf2f98f9ae,TXT,open,TCGA-OR-A5JM-01A-11R-A29S-07,78678c04-79fd-4230-9743-e023afa28fef.htseq.counts.gz,Transcriptome Profiling,78678c04-79fd-4230-9743-e023afa28fef_count,gene_expression,2016-05-30T19:06:11.249010-05:00,249297,1794df4632d0a42c727f3af026dc8c6d,2018-09-06T16:27:27.906249-05:00,aac9927f-add3-448a-b802-1dbf2f98f9ae,Gene Expression Quantification,released,RNA-Seq,1,12.0 - 28.0,TCGA-ACC,d4f49984-cd48-4c5c-9686-5938d0e91053,released,78678c04-79fd-4230-9743-e023afa28fef_count,https://github.com/NCI-GDC/htseq-cwl,HTSeq - Counts,v1,Primary Tumor,FALSE,TCGA-OR-A5JM,TCGA-OR-A5JM-01A
28ac57c0-9ef3-4881-aded-ff57dc88b76d,TXT,open,TCGA-OR-A5JD-01A-11R-A29S-07,5fc3fbd1-4c66-4086-988c-590ec076216a.htseq.counts.gz,Transcriptome Profiling,5fc3fbd1-4c66-4086-988c-590ec076216a_count,gene_expression,2016-05-26T21:22:53.424110-05:00,249119,225be27261f8149110c77244a75475f4,2018-09-06T16:27:27.906249-05:00,28ac57c0-9ef3-4881-aded-ff57dc88b76d,Gene Expression Quantification,released,RNA-Seq,1,12.0 - 28.0,TCGA-ACC,cc452edc-c1d2-4e92-ad36-db40b7d9541f,released,5fc3fbd1-4c66-4086-988c-590ec076216a_count,https://github.com/NCI-GDC/htseq-cwl,HTSeq - Counts,v1,Primary Tumor,FALSE,TCGA-OR-A5JD,TCGA-OR-A5JD-01A
24115b78-4267-49fc-ac07-2b4f26f16348,TXT,open,TCGA-OR-A5LN-01A-11R-A29S-07,b777b70a-8f64-4abe-95f8-a702160cb69b.htseq.counts.gz,Transcriptome Profiling,b777b70a-8f64-4abe-95f8-a702160cb69b_count,gene_expression,2016-05-29T10:31:30.376629-05:00,241876,bba7a9f43274fbfaf3db16217b08c0e1,2018-09-06T16:27:27.906249-05:00,24115b78-4267-49fc-ac07-2b4f26f16348,Gene Expression Quantification,released,RNA-Seq,1,12.0 - 28.0,TCGA-ACC,0f67ab48-a08e-4177-b235-75c95f38cda4,released,b777b70a-8f64-4abe-95f8-a702160cb69b_count,https://github.com/NCI-GDC/htseq-cwl,HTSeq - Counts,v1,Primary Tumor,FALSE,TCGA-OR-A5LN,TCGA-OR-A5LN-01A
84f57046-736d-4026-9563-883abffcfa12,TXT,open,TCGA-OR-A5K6-01A-11R-A29S-07,de6f1492-d90f-4db3-af3c-ba1b05a2acea.htseq.counts.gz,Transcriptome Profiling,de6f1492-d90f-4db3-af3c-ba1b05a2acea_count,gene_expression,2016-05-26T21:24:41.954036-05:00,248739,2db06f5ea60e2a163ccdf10b8961c0e0,2018-09-06T16:27:27.906249-05:00,84f57046-736d-4026-9563-883abffcfa12,Gene Expression Quantification,released,RNA-Seq,1,12.0 - 28.0,TCGA-ACC,bc97a668-a329-41b8-b9ca-ed80d29bb1a5,released,de6f1492-d90f-4db3-af3c-ba1b05a2acea_count,https://github.com/NCI-GDC/htseq-cwl,HTSeq - Counts,v1,Primary Tumor,FALSE,TCGA-OR-A5K6,TCGA-OR-A5K6-01A
4bdfc26c-0634-4985-8e33-eaf452cb9e0d,TXT,open,TCGA-OR-A5JR-01A-11R-A29S-07,af20afb0-8812-4a15-9eda-639562cab169.htseq.counts.gz,Transcriptome Profiling,af20afb0-8812-4a15-9eda-639562cab169_count,gene_expression,2016-05-30T18:35:10.822180-05:00,249712,850fde304038367fa1786b33b0d1cc40,2018-09-06T16:27:27.906249-05:00,4bdfc26c-0634-4985-8e33-eaf452cb9e0d,Gene Expression Quantification,released,RNA-Seq,1,12.0 - 28.0,TCGA-ACC,da30a26d-99fa-4c97-aafa-6413e6a1ae0a,released,af20afb0-8812-4a15-9eda-639562cab169_count,https://github.com/NCI-GDC/htseq-cwl,HTSeq - Counts,v1,Primary Tumor,FALSE,TCGA-OR-A5JR,TCGA-OR-A5JR-01A
8122c3ec-d1e1-42b6-984e-4c1ff13fff59,TXT,open,TCGA-OR-A5L6-01A-11R-A29S-07,77ce7ba1-9173-4a9e-afe4-66f8411d88c0.htseq.counts.gz,Transcriptome Profiling,77ce7ba1-9173-4a9e-afe4-66f8411d88c0_count,gene_expression,2016-05-30T19:00:09.069473-05:00,239584,cb0e1dbe5977a54f67ec15a5efb609fa,2018-09-06T16:27:27.906249-05:00,8122c3ec-d1e1-42b6-984e-4c1ff13fff59,Gene Expression Quantification,released,RNA-Seq,1,12.0 - 28.0,TCGA-ACC,6ad27bdb-ab23-4b1b-ae1d-33ca0f2543da,released,77ce7ba1-9173-4a9e-afe4-66f8411d88c0_count,https://github.com/NCI-GDC/htseq-cwl,HTSeq - Counts,v1,Primary Tumor,FALSE,TCGA-OR-A5L6,TCGA-OR-A5L6-01A
3e8ee133-6bc5-41fc-83cb-ee51c5df4206,TXT,open,TCGA-OR-A5JI-01A-11R-A29S-07,c97e243f-1a56-4a5c-89e2-81638c7b4d29.htseq.counts.gz,Transcriptome Profiling,c97e243f-1a56-4a5c-89e2-81638c7b4d29_count,gene_expression,2016-05-29T11:01:00.695076-05:00,244080,2a0f0b31b65f5cb61ec0c54feaa15dd9,2018-09-06T16:27:27.906249-05:00,3e8ee133-6bc5-41fc-83cb-ee51c5df4206,Gene Expression Quantification,released,RNA-Seq,1,12.0 - 28.0,TCGA-ACC,bb61edb9-ce75-4773-87a2-7ccc15a47cd1,released,c97e243f-1a56-4a5c-89e2-81638c7b4d29_count,https://github.com/NCI-GDC/htseq-cwl,HTSeq - Counts,v1,Primary Tumor,FALSE,TCGA-OR-A5JI,TCGA-OR-A5JI-01A
ad1ad2a0-aec6-497b-b3d6-ca6602330e94,TXT,open,TCGA-OR-A5J2-01A-11R-A29S-07,7f0cf4dc-7b14-4852-bb70-110067ebc2a3.htseq.counts.gz,Transcriptome Profiling,7f0cf4dc-7b14-4852-bb70-110067ebc2a3_count,gene_expression,2016-05-29T10:50:53.592689-05:00,252159,6b585409d0b92255216b7d8a8732f020,2018-09-06T16:27:27.906249-05:00,ad1ad2a0-aec6-497b-b3d6-ca6602330e94,Gene Expression Quantification,released,RNA-Seq,1,12.0 - 28.0,TCGA-ACC,76e499b9-9746-43d7-9b79-28648eaceec0,released,7f0cf4dc-7b14-4852-bb70-110067ebc2a3_count,https://github.com/NCI-GDC/htseq-cwl,HTSeq - Counts,v1,Primary Tumor,FALSE,TCGA-OR-A5J2,TCGA-OR-A5J2-01A
e79e6caf-7cda-4c8f-a96a-e1b72104c31f,TXT,open,TCGA-OR-A5LL-01A-11R-A29S-07,fd7a7bc4-1ac9-4c6f-8a86-a1c8d5b3a30e.htseq.counts.gz,Transcriptome Profiling,fd7a7bc4-1ac9-4c6f-8a86-a1c8d5b3a30e_count,gene_expression,2016-05-26T21:06:31.699031-05:00,246791,4fa93e1ae0b69628b44e7ef3ff8440d6,2018-09-06T16:27:27.906249-05:00,e79e6caf-7cda-4c8f-a96a-e1b72104c31f,Gene Expression Quantification,released,RNA-Seq,1,12.0 - 28.0,TCGA-ACC,6e6189bf-ef41-4708-b7ab-d57c488af01c,released,fd7a7bc4-1ac9-4c6f-8a86-a1c8d5b3a30e_count,https://github.com/NCI-GDC/htseq-cwl,HTSeq - Counts,v1,Primary Tumor,FALSE,TCGA-OR-A5LL,TCGA-OR-A5LL-01A
a85b4a14-0328-4bc4-bb03-cf0448be56d0,TXT,open,TCGA-OR-A5K1-01A-11R-A29S-07,bb954fd8-e39f-425c-bac8-ac082e857ca1.htseq.counts.gz,Transcriptome Profiling,bb954fd8-e39f-425c-bac8-ac082e857ca1_count,gene_expression,2016-05-30T19:04:46.456528-05:00,243956,94d75670e842b72ea4ad049eabefd576,2018-09-06T16:27:27.906249-05:00,a85b4a14-0328-4bc4-bb03-cf0448be56d0,Gene Expression Quantification,released,RNA-Seq,1,12.0 - 28.0,TCGA-ACC,1318dcfc-9f0c-457a-ab8a-3cdec6f48c83,released,bb954fd8-e39f-425c-bac8-ac082e857ca1_count,https://github.com/NCI-GDC/htseq-cwl,HTSeq - Counts,v1,Primary Tumor,FALSE,TCGA-OR-A5K1,TCGA-OR-A5K1-01A
5318ea25-0ecb-413e-9e8b-cb256780ed7e,TXT,open,TCGA-PK-A5HA-01A-11R-A29S-07,be58e260-25a2-40fc-878f-cdf095908383.htseq.counts.gz,Transcriptome Profiling,be58e260-25a2-40fc-878f-cdf095908383_count,gene_expression,2016-05-29T10:35:51.093207-05:00,248267,335e670e5441053eb02010ff0584c554,2018-09-06T16:27:27.906249-05:00,5318ea25-0ecb-413e-9e8b-cb256780ed7e,Gene Expression Quantification,released,RNA-Seq,1,12.0 - 28.0,TCGA-ACC,adef9e22-2e96-43a5-af3b-7dc3120a1213,released,be58e260-25a2-40fc-878f-cdf095908383_count,https://github.com/NCI-GDC/htseq-cwl,HTSeq - Counts,v1,Primary Tumor,FALSE,TCGA-PK-A5HA,TCGA-PK-A5HA-01A
43c3cbdc-9d28-40d2-993f-6ca114750fdb,TXT,open,TCGA-OR-A5LR-01A-11R-A29S-07,48896f70-4053-4a9f-808a-f0ff9bc36eda.htseq.counts.gz,Transcriptome Profiling,48896f70-4053-4a9f-808a-f0ff9bc36eda_count,gene_expression,2016-05-30T18:19:32.858768-05:00,245863,8b714c9701bf53b3024f15d8b883a699,2018-09-06T16:27:27.906249-05:00,43c3cbdc-9d28-40d2-993f-6ca114750fdb,Gene Expression Quantification,released,RNA-Seq,1,12.0 - 28.0,TCGA-ACC,8d8bc46f-e70f-4f55-b178-ddd8acd62844,released,48896f70-4053-4a9f-808a-f0ff9bc36eda_count,https://github.com/NCI-GDC/htseq-cwl,HTSeq - Counts,v1,Primary Tumor,FALSE,TCGA-OR-A5LR,TCGA-OR-A5LR-01A
c4d0b6f3-24a5-4a56-82cc-23b3e3826402,TXT,open,TCGA-OR-A5JX-01A-11R-A29S-07,6c416e81-459b-4fa4-8f16-7f0c8b8442e1.htseq.counts.gz,Transcriptome Profiling,6c416e81-459b-4fa4-8f16-7f0c8b8442e1_count,gene_expression,2016-05-29T10:19:37.789444-05:00,248565,534aafadbf69cdfd6c2265c21f32eb17,2018-09-06T16:27:27.906249-05:00,c4d0b6f3-24a5-4a56-82cc-23b3e3826402,Gene Expression Quantification,released,RNA-Seq,1,12.0 - 28.0,TCGA-ACC,4e9f76ce-024d-4dc3-8765-817d9554623f,released,6c416e81-459b-4fa4-8f16-7f0c8b8442e1_count,https://github.com/NCI-GDC/htseq-cwl,HTSeq - Counts,v1,Primary Tumor,FALSE,TCGA-OR-A5JX,TCGA-OR-A5JX-01A
9d6703a4-49fd-4ce0-ab28-b51e704f1272,TXT,open,TCGA-OU-A5PI-01A-12R-A29S-07,0ca40fc8-e6f8-452d-b18d-9a25ee3a5616.htseq.counts.gz,Transcriptome Profiling,0ca40fc8-e6f8-452d-b18d-9a25ee3a5616_count,gene_expression,2016-05-30T18:37:16.387761-05:00,247942,f0a0ca5c9a86b5966c2b7d2afa783ddc,2018-09-06T16:27:27.906249-05:00,9d6703a4-49fd-4ce0-ab28-b51e704f1272,Gene Expression Quantification,released,RNA-Seq,1,12.0 - 28.0,TCGA-ACC,12ec51ca-10b5-4136-aea9-f22a7ea7baf8,released,0ca40fc8-e6f8-452d-b18d-9a25ee3a5616_count,https://github.com/NCI-GDC/htseq-cwl,HTSeq - Counts,v1,Primary Tumor,FALSE,TCGA-OU-A5PI,TCGA-OU-A5PI-01A
4e886d4e-31a1-406f-90cd-cd8cb51c3bb5,TXT,open,TCGA-OR-A5JA-01A-11R-A29S-07,5a88fb2f-d26e-423a-a502-bc332094945b.htseq.counts.gz,Transcriptome Profiling,5a88fb2f-d26e-423a-a502-bc332094945b_count,gene_expression,2016-05-29T10:23:00.479786-05:00,251741,427b6f4df5f489babdff6a1503236a83,2018-09-06T16:27:27.906249-05:00,4e886d4e-31a1-406f-90cd-cd8cb51c3bb5,Gene Expression Quantification,released,RNA-Seq,1,12.0 - 28.0,TCGA-ACC,ea8a91ac-aaf5-4ce4-b442-da89820dc6b1,released,5a88fb2f-d26e-423a-a502-bc332094945b_count,https://github.com/NCI-GDC/htseq-cwl,HTSeq - Counts,v1,Primary Tumor,FALSE,TCGA-OR-A5JA,TCGA-OR-A5JA-01A
1b2feb47-b357-4104-a4b1-34703f49bcd0,TXT,open,TCGA-OR-A5KY-01A-11R-A29S-07,734117be-80cd-460d-95d9-3477b2998e6d.htseq.counts.gz,Transcriptome Profiling,734117be-80cd-460d-95d9-3477b2998e6d_count,gene_expression,2016-05-29T10:36:11.408209-05:00,251890,2d45f5d4af14fd74167f55309d8108a4,2018-09-06T16:27:27.906249-05:00,1b2feb47-b357-4104-a4b1-34703f49bcd0,Gene Expression Quantification,released,RNA-Seq,1,12.0 - 28.0,TCGA-ACC,8282223f-b1cb-486f-bfb7-75b4e6e17e43,released,734117be-80cd-460d-95d9-3477b2998e6d_count,https://github.com/NCI-GDC/htseq-cwl,HTSeq - Counts,v1,Primary Tumor,FALSE,TCGA-OR-A5KY,TCGA-OR-A5KY-01A
1811532e-e3ed-4167-8ff8-95c59b83f3fb,TXT,open,TCGA-OR-A5L9-01A-11R-A29S-07,a7288950-b8b0-4e3e-8ff3-6a1ef519eddf.htseq.counts.gz,Transcriptome Profiling,a7288950-b8b0-4e3e-8ff3-6a1ef519eddf_count,gene_expression,2016-05-30T18:45:52.811275-05:00,230763,56fd1bdb9e1ae8c4121658796787a826,2018-09-06T16:27:27.906249-05:00,1811532e-e3ed-4167-8ff8-95c59b83f3fb,Gene Expression Quantification,released,RNA-Seq,1,12.0 - 28.0,TCGA-ACC,b02783f3-d0f6-45a6-805a-1500af4e25c7,released,a7288950-b8b0-4e3e-8ff3-6a1ef519eddf_count,https://github.com/NCI-GDC/htseq-cwl,HTSeq - Counts,v1,Primary Tumor,FALSE,TCGA-OR-A5L9,TCGA-OR-A5L9-01A
59ece6fc-76b2-4e4b-92fa-9f3b62c4dc47,TXT,open,TCGA-PK-A5H9-01A-11R-A29S-07,3f42ef68-68d9-428b-be89-48da95336f3e.htseq.counts.gz,Transcriptome Profiling,3f42ef68-68d9-428b-be89-48da95336f3e_count,gene_expression,2016-05-30T18:28:25.301129-05:00,252190,999341b912873e5078c2d279d1f719e3,2018-09-06T16:27:27.906249-05:00,59ece6fc-76b2-4e4b-92fa-9f3b62c4dc47,Gene Expression Quantification,released,RNA-Seq,1,12.0 - 28.0,TCGA-ACC,e19169a7-8fc5-4708-b446-d5a66bca19bc,released,3f42ef68-68d9-428b-be89-48da95336f3e_count,https://github.com/NCI-GDC/htseq-cwl,HTSeq - Counts,v1,Primary Tumor,FALSE,TCGA-PK-A5H9,TCGA-PK-A5H9-01A
11777917-4be1-4332-85ca-6f01ddf78a7f,TXT,open,TCGA-OR-A5JK-01A-11R-A29S-07,d458903f-af56-44ac-a2e8-1d7c7066a912.htseq.counts.gz,Transcriptome Profiling,d458903f-af56-44ac-a2e8-1d7c7066a912_count,gene_expression,2016-05-30T18:36:41.378047-05:00,248434,37df5b4e38f442d956fb48a4d472bd51,2018-09-06T16:27:27.906249-05:00,11777917-4be1-4332-85ca-6f01ddf78a7f,Gene Expression Quantification,released,RNA-Seq,1,12.0 - 28.0,TCGA-ACC,f002d5b1-b450-45a8-95ee-837f845e03e0,released,d458903f-af56-44ac-a2e8-1d7c7066a912_count,https://github.com/NCI-GDC/htseq-cwl,HTSeq - Counts,v1,Primary Tumor,FALSE,TCGA-OR-A5JK,TCGA-OR-A5JK-01A
d872dea0-a6ad-4808-95eb-6cf603aa5391,TXT,open,TCGA-OR-A5LJ-01A-11R-A29S-07,42d55aac-5211-4500-bec1-e0b02ceb2013.htseq.counts.gz,Transcriptome Profiling,42d55aac-5211-4500-bec1-e0b02ceb2013_count,gene_expression,2016-05-30T21:08:24.813235-05:00,252451,49b43574b3823aefc05f31e5e32da3c5,2018-09-06T16:27:27.906249-05:00,d872dea0-a6ad-4808-95eb-6cf603aa5391,Gene Expression Quantification,released,RNA-Seq,1,12.0 - 28.0,TCGA-ACC,bf99355a-415b-49f2-ae3d-6611453dca23,released,42d55aac-5211-4500-bec1-e0b02ceb2013_count,https://github.com/NCI-GDC/htseq-cwl,HTSeq - Counts,v1,Primary Tumor,FALSE,TCGA-OR-A5LJ,TCGA-OR-A5LJ-01A
b38be7f5-cd00-4787-aa67-62b11afd02e0,TXT,open,TCGA-OR-A5K9-01A-11R-A29S-07,6c164107-d5bb-4308-8974-099929156ffb.htseq.counts.gz,Transcriptome Profiling,6c164107-d5bb-4308-8974-099929156ffb_count,gene_expression,2016-05-29T11:05:48.449154-05:00,248524,9c0ba36d9522c032691e8a857a89484b,2018-09-06T16:27:27.906249-05:00,b38be7f5-cd00-4787-aa67-62b11afd02e0,Gene Expression Quantification,released,RNA-Seq,1,12.0 - 28.0,TCGA-ACC,cf23f929-f275-463a-ba20-d115457b3522,released,6c164107-d5bb-4308-8974-099929156ffb_count,https://github.com/NCI-GDC/htseq-cwl,HTSeq - Counts,v1,Primary Tumor,FALSE,TCGA-OR-A5K9,TCGA-OR-A5K9-01A
53c3d0b3-6884-4707-8d4e-d0bf37905185,TXT,open,TCGA-OR-A5LA-01A-11R-A29S-07,daa4c6ba-670d-4416-8bd0-73fd37ea0bb6.htseq.counts.gz,Transcriptome Profiling,daa4c6ba-670d-4416-8bd0-73fd37ea0bb6_count,gene_expression,2016-05-30T18:55:30.312825-05:00,243714,740200a588f2043f3a7785eaabddc898,2018-09-06T16:27:27.906249-05:00,53c3d0b3-6884-4707-8d4e-d0bf37905185,Gene Expression Quantification,released,RNA-Seq,1,12.0 - 28.0,TCGA-ACC,030c0b4a-44d6-4545-9f8a-04a425319f6a,released,daa4c6ba-670d-4416-8bd0-73fd37ea0bb6_count,https://github.com/NCI-GDC/htseq-cwl,HTSeq - Counts,v1,Primary Tumor,FALSE,TCGA-OR-A5LA,TCGA-OR-A5LA-01A
4eb52449-a7e5-41ce-856b-e0440e629c60,TXT,open,TCGA-OR-A5JP-01A-11R-A29S-07,df34297d-30aa-484d-8d21-4c1223716469.htseq.counts.gz,Transcriptome Profiling,df34297d-30aa-484d-8d21-4c1223716469_count,gene_expression,2016-05-26T21:10:46.910548-05:00,249361,5bc31756e40afb6a06f93de4257cbd48,2018-09-06T16:27:27.906249-05:00,4eb52449-a7e5-41ce-856b-e0440e629c60,Gene Expression Quantification,released,RNA-Seq,1,12.0 - 28.0,TCGA-ACC,098e209d-e61f-4bdb-a470-9ba271505c4b,released,df34297d-30aa-484d-8d21-4c1223716469_count,https://github.com/NCI-GDC/htseq-cwl,HTSeq - Counts,v1,Primary Tumor,FALSE,TCGA-OR-A5JP,TCGA-OR-A5JP-01A
a4bc2a3c-0b65-4de5-a7e6-3ac27e7c121c,TXT,open,TCGA-OR-A5LE-01A-11R-A29S-07,bc171956-ada6-4488-882a-8e61e6466b02.htseq.counts.gz,Transcriptome Profiling,bc171956-ada6-4488-882a-8e61e6466b02_count,gene_expression,2016-05-30T18:45:13.241358-05:00,246724,90a4627a5ba6612c0185b0fcb934ce6f,2018-09-06T16:27:27.906249-05:00,a4bc2a3c-0b65-4de5-a7e6-3ac27e7c121c,Gene Expression Quantification,released,RNA-Seq,1,12.0 - 28.0,TCGA-ACC,56418bfa-a7cd-4166-8cad-c724400f0579,released,bc171956-ada6-4488-882a-8e61e6466b02_count,https://github.com/NCI-GDC/htseq-cwl,HTSeq - Counts,v1,Primary Tumor,FALSE,TCGA-OR-A5LE,TCGA-OR-A5LE-01A
602a4c51-1f13-4cda-94d4-91406776cc56,TXT,open,TCGA-OR-A5JB-01A-11R-A29S-07,90f17962-026b-4479-af46-24f4caff2cc8.htseq.counts.gz,Transcriptome Profiling,90f17962-026b-4479-af46-24f4caff2cc8_count,gene_expression,2016-05-30T18:53:56.903976-05:00,249098,33fa00da98dc71c8fcfb1f919178253a,2018-09-06T16:27:27.906249-05:00,602a4c51-1f13-4cda-94d4-91406776cc56,Gene Expression Quantification,released,RNA-Seq,1,12.0 - 28.0,TCGA-ACC,7aa96a86-f979-4ba0-95ac-d923eb46e45f,released,90f17962-026b-4479-af46-24f4caff2cc8_count,https://github.com/NCI-GDC/htseq-cwl,HTSeq - Counts,v1,Primary Tumor,FALSE,TCGA-OR-A5JB,TCGA-OR-A5JB-01A
1d8dc78c-0e3b-461c-a794-d5ed3c662e63,TXT,open,TCGA-OR-A5J3-01A-11R-A29S-07,427eda57-677d-4879-8e78-9c7f1c9cd9a1.htseq.counts.gz,Transcriptome Profiling,427eda57-677d-4879-8e78-9c7f1c9cd9a1_count,gene_expression,2016-05-29T11:10:30.223104-05:00,249038,27f9009342ef3c9056758db34669847f,2018-09-06T16:27:27.906249-05:00,1d8dc78c-0e3b-461c-a794-d5ed3c662e63,Gene Expression Quantification,released,RNA-Seq,1,12.0 - 28.0,TCGA-ACC,89f4137e-9504-4184-9932-9407a20f0f47,released,427eda57-677d-4879-8e78-9c7f1c9cd9a1_count,https://github.com/NCI-GDC/htseq-cwl,HTSeq - Counts,v1,Primary Tumor,FALSE,TCGA-OR-A5J3,TCGA-OR-A5J3-01A
5161959f-f949-4c6e-bbf6-438af0b5ecf6,TXT,open,TCGA-OR-A5JQ-01A-11R-A29S-07,0f0d217b-a02f-4742-a28c-723e3ede643f.htseq.counts.gz,Transcriptome Profiling,0f0d217b-a02f-4742-a28c-723e3ede643f_count,gene_expression,2016-05-26T21:17:50.753249-05:00,251022,93c9ba8b6f74c4f531a3139929695cef,2018-09-06T16:27:27.906249-05:00,5161959f-f949-4c6e-bbf6-438af0b5ecf6,Gene Expression Quantification,released,RNA-Seq,1,12.0 - 28.0,TCGA-ACC,ed2b8554-9466-4abf-900a-f9b72bbb02e0,released,0f0d217b-a02f-4742-a28c-723e3ede643f_count,https://github.com/NCI-GDC/htseq-cwl,HTSeq - Counts,v1,Primary Tumor,FALSE,TCGA-OR-A5JQ,TCGA-OR-A5JQ-01A
80b82357-efd4-43ae-a1ad-ce9efe32ad7d,TXT,open,TCGA-OR-A5J7-01A-11R-A29S-07,807147a0-dadd-4df3-bb2f-ac7515346efb.htseq.counts.gz,Transcriptome Profiling,807147a0-dadd-4df3-bb2f-ac7515346efb_count,gene_expression,2016-05-26T21:08:36.835717-05:00,251248,4cc12e2752414578b6920d7417a4ef4b,2018-09-06T16:27:27.906249-05:00,80b82357-efd4-43ae-a1ad-ce9efe32ad7d,Gene Expression Quantification,released,RNA-Seq,1,12.0 - 28.0,TCGA-ACC,09850eda-abe0-41fe-b0c1-5b8f2c02d623,released,807147a0-dadd-4df3-bb2f-ac7515346efb_count,https://github.com/NCI-GDC/htseq-cwl,HTSeq - Counts,v1,Primary Tumor,FALSE,TCGA-OR-A5J7,TCGA-OR-A5J7-01A
680edb25-3e0e-48a8-9cd9-f7442a095048,TXT,open,TCGA-OR-A5KZ-01A-11R-A29S-07,626a41f3-d2d3-41d6-ab86-1643df2fa24f.htseq.counts.gz,Transcriptome Profiling,626a41f3-d2d3-41d6-ab86-1643df2fa24f_count,gene_expression,2016-05-30T18:31:15.817011-05:00,247537,c6ce0b61ba36ee6ebf44e4df09501396,2018-09-06T16:27:27.906249-05:00,680edb25-3e0e-48a8-9cd9-f7442a095048,Gene Expression Quantification,released,RNA-Seq,1,12.0 - 28.0,TCGA-ACC,77a36bee-d9de-444b-ab8b-67cfe777c0e3,released,626a41f3-d2d3-41d6-ab86-1643df2fa24f_count,https://github.com/NCI-GDC/htseq-cwl,HTSeq - Counts,v1,Primary Tumor,FALSE,TCGA-OR-A5KZ,TCGA-OR-A5KZ-01A
14a83681-c410-4f0e-9664-bf1dcb7e202b,TXT,open,TCGA-OR-A5KW-01A-11R-A29S-07,823fe3f1-1e0f-4d35-8060-e54ba636992e.htseq.counts.gz,Transcriptome Profiling,823fe3f1-1e0f-4d35-8060-e54ba636992e_count,gene_expression,2016-05-30T18:15:26.502753-05:00,249431,696162b2796bc8bb8f77f48b37a6d830,2018-09-06T16:27:27.906249-05:00,14a83681-c410-4f0e-9664-bf1dcb7e202b,Gene Expression Quantification,released,RNA-Seq,1,12.0 - 28.0,TCGA-ACC,35f2ceed-cec3-4a25-b9e5-15d36d15d158,released,823fe3f1-1e0f-4d35-8060-e54ba636992e_count,https://github.com/NCI-GDC/htseq-cwl,HTSeq - Counts,v1,Primary Tumor,FALSE,TCGA-OR-A5KW,TCGA-OR-A5KW-01A
1dacf1fc-1f64-4836-a59a-9c302383c531,TXT,open,TCGA-PA-A5YG-01A-11R-A29S-07,643b7f6a-3bc1-46bd-8ca7-c127e04c0563.htseq.counts.gz,Transcriptome Profiling,643b7f6a-3bc1-46bd-8ca7-c127e04c0563_count,gene_expression,2016-05-29T10:48:55.882226-05:00,249741,fcc40786830f1145314afd2a7830c523,2018-09-06T16:27:27.906249-05:00,1dacf1fc-1f64-4836-a59a-9c302383c531,Gene Expression Quantification,released,RNA-Seq,1,12.0 - 28.0,TCGA-ACC,5d048a2b-abc8-47dc-b771-2d68a6c25dda,released,643b7f6a-3bc1-46bd-8ca7-c127e04c0563_count,https://github.com/NCI-GDC/htseq-cwl,HTSeq - Counts,v1,Primary Tumor,FALSE,TCGA-PA-A5YG,TCGA-PA-A5YG-01A
6c8fc2b8-5336-4031-81a1-4186ed0afa0b,TXT,open,TCGA-OR-A5J9-01A-11R-A29S-07,23293089-6e36-4347-98c4-c11a9e33c6b5.htseq.counts.gz,Transcriptome Profiling,23293089-6e36-4347-98c4-c11a9e33c6b5_count,gene_expression,2016-05-30T18:36:59.880456-05:00,251591,7980d4a1755a2d980c58d99aeb1ecab8,2018-09-06T16:27:27.906249-05:00,6c8fc2b8-5336-4031-81a1-4186ed0afa0b,Gene Expression Quantification,released,RNA-Seq,1,12.0 - 28.0,TCGA-ACC,ad4d4e4b-79a7-47e8-aeed-1480582ae911,released,23293089-6e36-4347-98c4-c11a9e33c6b5_count,https://github.com/NCI-GDC/htseq-cwl,HTSeq - Counts,v1,Primary Tumor,FALSE,TCGA-OR-A5J9,TCGA-OR-A5J9-01A
064dca9a-757b-49e1-adba-5b7b974db0f4,TXT,open,TCGA-OR-A5K4-01A-11R-A29S-07,80fa7a81-8306-4b78-9624-e7b13743fc3a.htseq.counts.gz,Transcriptome Profiling,80fa7a81-8306-4b78-9624-e7b13743fc3a_count,gene_expression,2016-05-30T18:18:56.170952-05:00,248221,8b924025d580faf55267dba991edb82d,2018-09-06T16:27:27.906249-05:00,064dca9a-757b-49e1-adba-5b7b974db0f4,Gene Expression Quantification,released,RNA-Seq,1,12.0 - 28.0,TCGA-ACC,dad89785-450e-4dc4-881b-ebf1d12b810b,released,80fa7a81-8306-4b78-9624-e7b13743fc3a_count,https://github.com/NCI-GDC/htseq-cwl,HTSeq - Counts,v1,Primary Tumor,FALSE,TCGA-OR-A5K4,TCGA-OR-A5K4-01A
76bfb639-1e16-4cf0-b280-a17305da2e13,TXT,open,TCGA-OR-A5K2-01A-11R-A29S-07,26ac18a6-1e88-4a29-a514-05c2e0078aec.htseq.counts.gz,Transcriptome Profiling,26ac18a6-1e88-4a29-a514-05c2e0078aec_count,gene_expression,2016-05-30T18:17:19.247016-05:00,242465,02290a3086cccfcc4c77b116e8ff5f50,2018-09-06T16:27:27.906249-05:00,76bfb639-1e16-4cf0-b280-a17305da2e13,Gene Expression Quantification,released,RNA-Seq,1,12.0 - 28.0,TCGA-ACC,39acd16c-6c1b-4d84-a1de-d49d2480878d,released,26ac18a6-1e88-4a29-a514-05c2e0078aec_count,https://github.com/NCI-GDC/htseq-cwl,HTSeq - Counts,v1,Primary Tumor,FALSE,TCGA-OR-A5K2,TCGA-OR-A5K2-01A
2715d7bc-151f-4e16-9cb6-baa7d46db63b,TXT,open,TCGA-OR-A5JO-01A-11R-A29S-07,81b66610-b29a-48a5-80ef-969406aa03b3.htseq.counts.gz,Transcriptome Profiling,81b66610-b29a-48a5-80ef-969406aa03b3_count,gene_expression,2016-05-29T10:27:09.090138-05:00,248668,6812c763d5176e523053aaade6e25796,2018-09-06T16:27:27.906249-05:00,2715d7bc-151f-4e16-9cb6-baa7d46db63b,Gene Expression Quantification,released,RNA-Seq,1,12.0 - 28.0,TCGA-ACC,ba596fb4-e074-487c-93c9-c44cf45996dd,released,81b66610-b29a-48a5-80ef-969406aa03b3_count,https://github.com/NCI-GDC/htseq-cwl,HTSeq - Counts,v1,Primary Tumor,FALSE,TCGA-OR-A5JO,TCGA-OR-A5JO-01A
10f5fedf-6552-430e-878d-0f98e69a02c0,TXT,open,TCGA-OR-A5KU-01A-11R-A29S-07,686fb7ee-bdd2-4c41-ab25-c0d8b0ccc049.htseq.counts.gz,Transcriptome Profiling,686fb7ee-bdd2-4c41-ab25-c0d8b0ccc049_count,gene_expression,2016-05-29T10:19:09.462180-05:00,246348,b7fd1a1733677cfe93464bea712ca3a6,2018-09-06T16:27:27.906249-05:00,10f5fedf-6552-430e-878d-0f98e69a02c0,Gene Expression Quantification,released,RNA-Seq,1,12.0 - 28.0,TCGA-ACC,3af7efdc-b517-43a5-81c5-a3e635a44c40,released,686fb7ee-bdd2-4c41-ab25-c0d8b0ccc049_count,https://github.com/NCI-GDC/htseq-cwl,HTSeq - Counts,v1,Primary Tumor,FALSE,TCGA-OR-A5KU,TCGA-OR-A5KU-01A
3c9b8e07-ed56-4d87-aa0a-f116f3174615,TXT,open,TCGA-OR-A5LB-01A-11R-A29S-07,497b71cc-eb6a-4a4d-9dfb-22cf8404fe42.htseq.counts.gz,Transcriptome Profiling,497b71cc-eb6a-4a4d-9dfb-22cf8404fe42_count,gene_expression,2016-05-30T19:06:10.638166-05:00,250136,b78b8d0430716e8b2789d647c3fd6fb3,2018-09-06T16:27:27.906249-05:00,3c9b8e07-ed56-4d87-aa0a-f116f3174615,Gene Expression Quantification,released,RNA-Seq,1,12.0 - 28.0,TCGA-ACC,6f35f81b-bef6-46f6-ba28-0aff43a8923b,released,497b71cc-eb6a-4a4d-9dfb-22cf8404fe42_count,https://github.com/NCI-GDC/htseq-cwl,HTSeq - Counts,v1,Primary Tumor,FALSE,TCGA-OR-A5LB,TCGA-OR-A5LB-01A
7a444037-17d2-44fd-9365-5d08b1aa87ff,TXT,open,TCGA-OR-A5L8-01A-11R-A29S-07,4b166b22-9296-4a85-91ee-7887393e4b08.htseq.counts.gz,Transcriptome Profiling,4b166b22-9296-4a85-91ee-7887393e4b08_count,gene_expression,2016-05-29T10:35:32.346256-05:00,251373,1272f3085a3aeab4ee5b2540b55e49fc,2018-09-06T16:27:27.906249-05:00,7a444037-17d2-44fd-9365-5d08b1aa87ff,Gene Expression Quantification,released,RNA-Seq,1,12.0 - 28.0,TCGA-ACC,ad306bd2-e117-4f38-9cae-13cfbd28d05f,released,4b166b22-9296-4a85-91ee-7887393e4b08_count,https://github.com/NCI-GDC/htseq-cwl,HTSeq - Counts,v1,Primary Tumor,FALSE,TCGA-OR-A5L8,TCGA-OR-A5L8-01A
1482d80c-478e-4b74-bb94-444e1b14243c,TXT,open,TCGA-OR-A5J8-01A-11R-A29S-07,d79cc425-b0d5-4d6f-9254-9b6d3d1b86d8.htseq.counts.gz,Transcriptome Profiling,d79cc425-b0d5-4d6f-9254-9b6d3d1b86d8_count,gene_expression,2016-05-26T21:09:32.933061-05:00,252521,786542023b1a02a99d49c690aed1b327,2018-09-06T16:27:27.906249-05:00,1482d80c-478e-4b74-bb94-444e1b14243c,Gene Expression Quantification,released,RNA-Seq,1,12.0 - 28.0,TCGA-ACC,47085b65-80c3-4cbc-869c-1388e098998e,released,d79cc425-b0d5-4d6f-9254-9b6d3d1b86d8_count,https://github.com/NCI-GDC/htseq-cwl,HTSeq - Counts,v1,Primary Tumor,FALSE,TCGA-OR-A5J8,TCGA-OR-A5J8-01A
e0df2e4e-9c08-45c6-830a-0a6017e5bd50,TXT,open,TCGA-OR-A5LS-01A-11R-A29S-07,1941accb-0b8b-4f54-902a-54175271fafa.htseq.counts.gz,Transcriptome Profiling,1941accb-0b8b-4f54-902a-54175271fafa_count,gene_expression,2016-05-30T19:03:11.327544-05:00,247587,c76f61594d03d985a6a7d6971bbde703,2018-09-06T16:27:27.906249-05:00,e0df2e4e-9c08-45c6-830a-0a6017e5bd50,Gene Expression Quantification,released,RNA-Seq,1,12.0 - 28.0,TCGA-ACC,eb6ff757-0c76-4aa1-83c8-4a7c453cc35e,released,1941accb-0b8b-4f54-902a-54175271fafa_count,https://github.com/NCI-GDC/htseq-cwl,HTSeq - Counts,v1,Primary Tumor,FALSE,TCGA-OR-A5LS,TCGA-OR-A5LS-01A
22e53685-d9e3-4ffb-9a4f-20f95d3f64f4,TXT,open,TCGA-OR-A5JW-01A-11R-A29S-07,542dc6e1-0c30-4a5d-a899-74499e59d4b3.htseq.counts.gz,Transcriptome Profiling,542dc6e1-0c30-4a5d-a899-74499e59d4b3_count,gene_expression,2016-05-29T10:38:41.668394-05:00,250718,75d25ddd021bbcbf3d59eb3b245d1e96,2018-09-06T16:27:27.906249-05:00,22e53685-d9e3-4ffb-9a4f-20f95d3f64f4,Gene Expression Quantification,released,RNA-Seq,1,12.0 - 28.0,TCGA-ACC,1be68430-3a8a-450c-8f52-c03efdbfa98d,released,542dc6e1-0c30-4a5d-a899-74499e59d4b3_count,https://github.com/NCI-GDC/htseq-cwl,HTSeq - Counts,v1,Primary Tumor,FALSE,TCGA-OR-A5JW,TCGA-OR-A5JW-01A
f839f9df-aa52-45c1-a80d-04601836a324,TXT,open,TCGA-OR-A5JC-01A-11R-A29S-07,8e784384-e42b-4e04-9c11-d5dd391728f5.htseq.counts.gz,Transcriptome Profiling,8e784384-e42b-4e04-9c11-d5dd391728f5_count,gene_expression,2016-05-30T18:41:51.769748-05:00,248035,fe8a33f5acd33fc6faeb32773dbafb8f,2018-09-06T16:27:27.906249-05:00,f839f9df-aa52-45c1-a80d-04601836a324,Gene Expression Quantification,released,RNA-Seq,1,12.0 - 28.0,TCGA-ACC,302e2a9c-c425-46e6-9657-fd63d2f796d2,released,8e784384-e42b-4e04-9c11-d5dd391728f5_count,https://github.com/NCI-GDC/htseq-cwl,HTSeq - Counts,v1,Primary Tumor,FALSE,TCGA-OR-A5JC,TCGA-OR-A5JC-01A
9da36296-66ec-43d5-bff3-bc213ae6a3ae,TXT,open,TCGA-OR-A5LP-01A-11R-A29S-07,3c8bec5b-51a7-49c8-994f-2fcc069df868.htseq.counts.gz,Transcriptome Profiling,3c8bec5b-51a7-49c8-994f-2fcc069df868_count,gene_expression,2016-05-29T11:10:35.434549-05:00,250027,b96343626e3b176a2c82f1cbe394a018,2018-09-06T16:27:27.906249-05:00,9da36296-66ec-43d5-bff3-bc213ae6a3ae,Gene Expression Quantification,released,RNA-Seq,1,12.0 - 28.0,TCGA-ACC,0482cf7b-c9dd-438f-843c-67442ad245bd,released,3c8bec5b-51a7-49c8-994f-2fcc069df868_count,https://github.com/NCI-GDC/htseq-cwl,HTSeq - Counts,v1,Primary Tumor,FALSE,TCGA-OR-A5LP,TCGA-OR-A5LP-01A
aecab13d-b7f9-4f48-8217-36a80437782b,TXT,open,TCGA-OR-A5J1-01A-11R-A29S-07,fe7036d5-db1b-4052-ae07-1ffa07b9d3a8.htseq.counts.gz,Transcriptome Profiling,fe7036d5-db1b-4052-ae07-1ffa07b9d3a8_count,gene_expression,2016-05-29T10:58:38.434645-05:00,250498,80d2bd81a4556cb8802415c1093b43b9,2018-09-06T16:27:27.906249-05:00,aecab13d-b7f9-4f48-8217-36a80437782b,Gene Expression Quantification,released,RNA-Seq,1,12.0 - 28.0,TCGA-ACC,fd6db5c9-f945-4198-a10c-50c6531df49d,released,fe7036d5-db1b-4052-ae07-1ffa07b9d3a8_count,https://github.com/NCI-GDC/htseq-cwl,HTSeq - Counts,v1,Primary Tumor,FALSE,TCGA-OR-A5J1,TCGA-OR-A5J1-01A
b553bda4-f389-4100-9931-2664fb134a58,TXT,open,TCGA-OR-A5K0-01A-11R-A29S-07,38ad12d8-60a4-4a71-aa3c-131ad6ae7f61.htseq.counts.gz,Transcriptome Profiling,38ad12d8-60a4-4a71-aa3c-131ad6ae7f61_count,gene_expression,2016-05-30T18:58:08.963764-05:00,246918,3b3a805decd33dd7cb6f40b2f7f3a541,2018-09-06T16:27:27.906249-05:00,b553bda4-f389-4100-9931-2664fb134a58,Gene Expression Quantification,released,RNA-Seq,1,12.0 - 28.0,TCGA-ACC,90291b5a-e736-45c6-993a-a53683a750c9,released,38ad12d8-60a4-4a71-aa3c-131ad6ae7f61_count,https://github.com/NCI-GDC/htseq-cwl,HTSeq - Counts,v1,Primary Tumor,FALSE,TCGA-OR-A5K0,TCGA-OR-A5K0-01A
4650fc40-5614-40c0-9034-1321bd7cd0d7,TXT,open,TCGA-OR-A5K8-01A-11R-A29S-07,75fbb2a1-84b0-420a-a988-87c5726ca7db.htseq.counts.gz,Transcriptome Profiling,75fbb2a1-84b0-420a-a988-87c5726ca7db_count,gene_expression,2016-05-26T21:18:19.313579-05:00,238524,344be650be40008da444e89adc2fef8e,2018-09-06T16:27:27.906249-05:00,4650fc40-5614-40c0-9034-1321bd7cd0d7,Gene Expression Quantification,released,RNA-Seq,1,12.0 - 28.0,TCGA-ACC,44127a43-18d5-4a3f-adb0-c9a70bcb9b97,released,75fbb2a1-84b0-420a-a988-87c5726ca7db_count,https://github.com/NCI-GDC/htseq-cwl,HTSeq - Counts,v1,Primary Tumor,FALSE,TCGA-OR-A5K8,TCGA-OR-A5K8-01A
eb588565-bf44-4a4d-ba8f-5e036c8ace82,TXT,open,TCGA-OR-A5L5-01A-11R-A29S-07,dcf26935-b9a9-40fc-a6f0-7e0ef4b7228a.htseq.counts.gz,Transcriptome Profiling,dcf26935-b9a9-40fc-a6f0-7e0ef4b7228a_count,gene_expression,2016-05-29T10:07:55.815204-05:00,251710,6d88d5238fb2e2ce0a1b107ee6be3bc9,2018-09-06T16:27:27.906249-05:00,eb588565-bf44-4a4d-ba8f-5e036c8ace82,Gene Expression Quantification,released,RNA-Seq,1,12.0 - 28.0,TCGA-ACC,9898c30e-6359-4903-aebc-dc91824da69d,released,dcf26935-b9a9-40fc-a6f0-7e0ef4b7228a_count,https://github.com/NCI-GDC/htseq-cwl,HTSeq - Counts,v1,Primary Tumor,FALSE,TCGA-OR-A5L5,TCGA-OR-A5L5-01A
c6906e8e-4744-4fd0-9aaa-d243cc046d4d,TXT,open,TCGA-OR-A5KT-01A-11R-A29S-07,010caf19-9f62-4488-a2b5-eacdb795d66e.htseq.counts.gz,Transcriptome Profiling,010caf19-9f62-4488-a2b5-eacdb795d66e_count,gene_expression,2016-05-29T11:09:25.792532-05:00,242733,23931e799ab60def40f13de62b01ad24,2018-09-06T16:27:27.906249-05:00,c6906e8e-4744-4fd0-9aaa-d243cc046d4d,Gene Expression Quantification,released,RNA-Seq,1,12.0 - 28.0,TCGA-ACC,5a82e8ef-cf2d-4c7e-878b-e07d6b5bffed,released,010caf19-9f62-4488-a2b5-eacdb795d66e_count,https://github.com/NCI-GDC/htseq-cwl,HTSeq - Counts,v1,Primary Tumor,FALSE,TCGA-OR-A5KT,TCGA-OR-A5KT-01A
c369cfee-9b49-4b8e-9636-c7fa4083e691,TXT,open,TCGA-OR-A5JF-01A-11R-A29S-07,d04ad770-8f57-4e6f-8b7f-05e47b37294a.htseq.counts.gz,Transcriptome Profiling,d04ad770-8f57-4e6f-8b7f-05e47b37294a_count,gene_expression,2016-05-29T11:07:14.945904-05:00,254029,a5cc18ea2c5f4080ce1f3963c74fb482,2018-09-06T16:27:27.906249-05:00,c369cfee-9b49-4b8e-9636-c7fa4083e691,Gene Expression Quantification,released,RNA-Seq,1,12.0 - 28.0,TCGA-ACC,84131967-0e15-4337-ab09-aa185d519698,released,d04ad770-8f57-4e6f-8b7f-05e47b37294a_count,https://github.com/NCI-GDC/htseq-cwl,HTSeq - Counts,v1,Primary Tumor,FALSE,TCGA-OR-A5JF,TCGA-OR-A5JF-01A
3c2ca272-e944-4386-b6d9-9b71900c16a0,TXT,open,TCGA-OR-A5L4-01A-11R-A29S-07,1e0dd81a-566f-4806-b346-96da43a1456c.htseq.counts.gz,Transcriptome Profiling,1e0dd81a-566f-4806-b346-96da43a1456c_count,gene_expression,2016-05-29T10:51:46.065268-05:00,243726,83b955f04fe4733aced4302163a444b6,2018-09-06T16:27:27.906249-05:00,3c2ca272-e944-4386-b6d9-9b71900c16a0,Gene Expression Quantification,released,RNA-Seq,1,12.0 - 28.0,TCGA-ACC,0d2f21b6-927f-47b8-bf28-a738a277b568,released,1e0dd81a-566f-4806-b346-96da43a1456c_count,https://github.com/NCI-GDC/htseq-cwl,HTSeq - Counts,v1,Primary Tumor,FALSE,TCGA-OR-A5L4,TCGA-OR-A5L4-01A
49176076-b648-44ed-9100-5457ea7ac6a9,TXT,open,TCGA-OR-A5JS-01A-11R-A29S-07,45bda7e1-c30e-4848-b155-6b071f36d9c8.htseq.counts.gz,Transcriptome Profiling,45bda7e1-c30e-4848-b155-6b071f36d9c8_count,gene_expression,2016-05-30T18:27:46.914246-05:00,252510,c9b72dc8e1f059c16ff4bfe146e76842,2018-09-06T16:27:27.906249-05:00,49176076-b648-44ed-9100-5457ea7ac6a9,Gene Expression Quantification,released,RNA-Seq,1,12.0 - 28.0,TCGA-ACC,1662c9b0-bf6d-4b77-a72d-5ab40ad22e0e,released,45bda7e1-c30e-4848-b155-6b071f36d9c8_count,https://github.com/NCI-GDC/htseq-cwl,HTSeq - Counts,v1,Primary Tumor,FALSE,TCGA-OR-A5JS,TCGA-OR-A5JS-01A
aa797ae2-1863-431a-bb91-e045722bd892,TXT,open,TCGA-OR-A5K5-01A-11R-A29S-07,a2876106-29ad-4ac6-be7e-8aaaadc9a5b3.htseq.counts.gz,Transcriptome Profiling,a2876106-29ad-4ac6-be7e-8aaaadc9a5b3_count,gene_expression,2016-05-30T18:50:30.515778-05:00,248835,2ac6d5999ca810be22cc81f96a9b8d73,2018-09-06T16:27:27.906249-05:00,aa797ae2-1863-431a-bb91-e045722bd892,Gene Expression Quantification,released,RNA-Seq,1,12.0 - 28.0,TCGA-ACC,d687d51b-717d-4288-8364-6ad0c1e06e15,released,a2876106-29ad-4ac6-be7e-8aaaadc9a5b3_count,https://github.com/NCI-GDC/htseq-cwl,HTSeq - Counts,v1,Primary Tumor,FALSE,TCGA-OR-A5K5,TCGA-OR-A5K5-01A
b5b3b87f-d6d6-402b-8b78-ea55d746cfc2,TXT,open,TCGA-OR-A5JG-01A-11R-A29S-07,dd9c6986-44e3-4fea-b819-01aba752a6a2.htseq.counts.gz,Transcriptome Profiling,dd9c6986-44e3-4fea-b819-01aba752a6a2_count,gene_expression,2016-05-30T18:19:16.988183-05:00,248948,d1e29894e2ec6268706ba3d09b92ceb7,2018-09-06T16:27:27.906249-05:00,b5b3b87f-d6d6-402b-8b78-ea55d746cfc2,Gene Expression Quantification,released,RNA-Seq,1,12.0 - 28.0,TCGA-ACC,4db232a3-fcfa-4111-98a4-f0254455a030,released,dd9c6986-44e3-4fea-b819-01aba752a6a2_count,https://github.com/NCI-GDC/htseq-cwl,HTSeq - Counts,v1,Primary Tumor,FALSE,TCGA-OR-A5JG,TCGA-OR-A5JG-01A
2b597df8-c838-40f6-93bf-38bcc52c9fd7,TXT,open,TCGA-PK-A5H8-01A-11R-A29S-07,42ceca43-2a1a-4f8a-baf7-c19adce95173.htseq.counts.gz,Transcriptome Profiling,42ceca43-2a1a-4f8a-baf7-c19adce95173_count,gene_expression,2016-05-29T10:19:36.753826-05:00,249476,78a8a4ce2cfdd29388bdbe038caa728d,2018-09-06T16:27:27.906249-05:00,2b597df8-c838-40f6-93bf-38bcc52c9fd7,Gene Expression Quantification,released,RNA-Seq,1,12.0 - 28.0,TCGA-ACC,449927dd-4245-458e-a07f-95cc10dc6f09,released,42ceca43-2a1a-4f8a-baf7-c19adce95173_count,https://github.com/NCI-GDC/htseq-cwl,HTSeq - Counts,v1,Primary Tumor,FALSE,TCGA-PK-A5H8,TCGA-PK-A5H8-01A
