id,data_format,cases,access,file_name,submitter_id,data_category,type,created_datetime,file_size,updated_datetime,md5sum,file_id,data_type,state,experimental_strategy,version,data_release,project,analysis_id,analysis_state,analysis_submitter_id,analysis_workflow_link,analysis_workflow_type,analysis_workflow_version,sample_type,is_ffpe,cases.submitter_id,sample.submitter_id
95d36d2e-be76-440c-82a5-780c0fd1852d,TXT,TCGA-TS-A8AV-01A-12R-A40A-07,open,669d490b-2d91-4c64-a45b-7eb82d68dd31.htseq.counts.gz,669d490b-2d91-4c64-a45b-7eb82d68dd31_count,Transcriptome Profiling,gene_expression,2016-05-30T18:55:29.743271-05:00,253586,2018-09-06T15:27:18.371330-05:00,50233d727062446597194eda312b4fc1,95d36d2e-be76-440c-82a5-780c0fd1852d,Gene Expression Quantification,released,RNA-Seq,1,12.0 - 28.0,TCGA-MESO,fe5c4c0b-d558-40af-8812-60c2b22a7257,released,669d490b-2d91-4c64-a45b-7eb82d68dd31_count,https://github.com/NCI-GDC/htseq-cwl,HTSeq - Counts,v1,Primary Tumor,FALSE,TCGA-TS-A8AV,TCGA-TS-A8AV-01A
75d74a68-3df1-4818-9dd8-7a4a2949caf7,TXT,TCGA-YS-AA4M-01A-11R-A40A-07,open,6f02275d-5666-4fee-aa0e-3d764cb34277.htseq.counts.gz,6f02275d-5666-4fee-aa0e-3d764cb34277_count,Transcriptome Profiling,gene_expression,2016-05-29T10:07:22.088485-05:00,253741,2018-09-06T15:27:18.371330-05:00,3c7b051f7d0e3639408eef5a0b578bbf,75d74a68-3df1-4818-9dd8-7a4a2949caf7,Gene Expression Quantification,released,RNA-Seq,1,12.0 - 28.0,TCGA-MESO,61c97825-8ecb-49fc-97cf-a4b6ac89da44,released,6f02275d-5666-4fee-aa0e-3d764cb34277_count,https://github.com/NCI-GDC/htseq-cwl,HTSeq - Counts,v1,Primary Tumor,FALSE,TCGA-YS-AA4M,TCGA-YS-AA4M-01A
22244de5-e5c7-4f2a-9a48-9a90b7637cc4,TXT,TCGA-TS-A8AI-01A-11R-A40A-07,open,a5a7ed23-d7e1-41c7-a821-c8710e49396a.htseq.counts.gz,a5a7ed23-d7e1-41c7-a821-c8710e49396a_count,Transcriptome Profiling,gene_expression,2016-05-29T10:49:13.227736-05:00,252660,2018-09-06T15:27:18.371330-05:00,ffeab0b637b27d32a09219deea61ee6f,22244de5-e5c7-4f2a-9a48-9a90b7637cc4,Gene Expression Quantification,released,RNA-Seq,1,12.0 - 28.0,TCGA-MESO,0014d0ee-adc3-41c5-a6be-a4a4f372ad64,released,a5a7ed23-d7e1-41c7-a821-c8710e49396a_count,https://github.com/NCI-GDC/htseq-cwl,HTSeq - Counts,v1,Primary Tumor,FALSE,TCGA-TS-A8AI,TCGA-TS-A8AI-01A
ce83d02e-d924-4eb6-8792-2fe4cf77f862,TXT,TCGA-TS-A7P1-01A-41R-A40A-07,open,de8e600f-5b70-4b1e-a924-dd8397216050.htseq.counts.gz,de8e600f-5b70-4b1e-a924-dd8397216050_count,Transcriptome Profiling,gene_expression,2016-05-29T10:30:23.224010-05:00,249062,2018-09-06T15:27:18.371330-05:00,b105b861592305d85698b4554eb0217f,ce83d02e-d924-4eb6-8792-2fe4cf77f862,Gene Expression Quantification,released,RNA-Seq,1,12.0 - 28.0,TCGA-MESO,4ea6f4d2-d08f-4527-80c0-b31e3c1068d7,released,de8e600f-5b70-4b1e-a924-dd8397216050_count,https://github.com/NCI-GDC/htseq-cwl,HTSeq - Counts,v1,Primary Tumor,FALSE,TCGA-TS-A7P1,TCGA-TS-A7P1-01A
f42c70a7-725f-4c67-aa84-dad1ab97aa34,TXT,TCGA-LK-A4O2-01A-11R-A34F-07,open,24d511d7-d50c-4ef0-acb0-d8756fbdf85a.htseq.counts.gz,24d511d7-d50c-4ef0-acb0-d8756fbdf85a_count,Transcriptome Profiling,gene_expression,2016-05-30T18:27:45.822161-05:00,253515,2018-09-06T15:27:18.371330-05:00,fdf1c12b19ea75570197cb822f5e1a58,f42c70a7-725f-4c67-aa84-dad1ab97aa34,Gene Expression Quantification,released,RNA-Seq,1,12.0 - 28.0,TCGA-MESO,ffe1cb5a-4d94-4f37-af70-5e9ca3f0d010,released,24d511d7-d50c-4ef0-acb0-d8756fbdf85a_count,https://github.com/NCI-GDC/htseq-cwl,HTSeq - Counts,v1,Primary Tumor,FALSE,TCGA-LK-A4O2,TCGA-LK-A4O2-01A
0ddb6279-9947-40e5-bbe2-4869ee4f2df5,TXT,TCGA-SC-A6LP-01A-11R-A34F-07,open,81244cb3-98b9-47ea-ba66-6026e2ddc22e.htseq.counts.gz,81244cb3-98b9-47ea-ba66-6026e2ddc22e_count,Transcriptome Profiling,gene_expression,2016-05-29T11:08:06.255234-05:00,247708,2018-09-06T15:27:18.371330-05:00,09d9709bed721ef1588344d81a9c6c57,0ddb6279-9947-40e5-bbe2-4869ee4f2df5,Gene Expression Quantification,released,RNA-Seq,1,12.0 - 28.0,TCGA-MESO,79e8b014-e0d1-4a7c-a633-e12a5db9e02f,released,81244cb3-98b9-47ea-ba66-6026e2ddc22e_count,https://github.com/NCI-GDC/htseq-cwl,HTSeq - Counts,v1,Primary Tumor,FALSE,TCGA-SC-A6LP,TCGA-SC-A6LP-01A
37c3d44a-67ca-4378-a4b4-a0c18d08a424,TXT,TCGA-MQ-A4LJ-01A-11R-A34F-07,open,b6313ce4-0056-4e0a-8339-0001dd7c1da2.htseq.counts.gz,b6313ce4-0056-4e0a-8339-0001dd7c1da2_count,Transcriptome Profiling,gene_expression,2016-05-30T18:45:51.636171-05:00,253693,2018-09-06T15:27:18.371330-05:00,cd0e167dfece3671d0de9b5732fd753f,37c3d44a-67ca-4378-a4b4-a0c18d08a424,Gene Expression Quantification,released,RNA-Seq,1,12.0 - 28.0,TCGA-MESO,daf46bc3-c51f-4d09-bfdf-e67ea7a856ab,released,b6313ce4-0056-4e0a-8339-0001dd7c1da2_count,https://github.com/NCI-GDC/htseq-cwl,HTSeq - Counts,v1,Primary Tumor,FALSE,TCGA-MQ-A4LJ,TCGA-MQ-A4LJ-01A
d4c06830-87cd-4ab6-a5df-03250035f8b1,TXT,TCGA-LK-A4O0-01A-11R-A34F-07,open,e4219d11-ce3d-4513-9ccc-c726fbe7cc7e.htseq.counts.gz,e4219d11-ce3d-4513-9ccc-c726fbe7cc7e_count,Transcriptome Profiling,gene_expression,2016-05-26T21:20:34.939484-05:00,252924,2018-09-06T15:27:18.371330-05:00,7f1dad48c12138dae379cc9e52b64ad9,d4c06830-87cd-4ab6-a5df-03250035f8b1,Gene Expression Quantification,released,RNA-Seq,1,12.0 - 28.0,TCGA-MESO,17c22bc0-c794-410c-881d-da2d4e685b0b,released,e4219d11-ce3d-4513-9ccc-c726fbe7cc7e_count,https://github.com/NCI-GDC/htseq-cwl,HTSeq - Counts,v1,Primary Tumor,FALSE,TCGA-LK-A4O0,TCGA-LK-A4O0-01A
82624831-7ba5-4fe1-8b27-58e3ade04d00,TXT,TCGA-LK-A4O5-01A-11R-A34F-07,open,22edd5b8-2712-4702-80c2-8f030dbf29eb.htseq.counts.gz,22edd5b8-2712-4702-80c2-8f030dbf29eb_count,Transcriptome Profiling,gene_expression,2016-05-30T18:31:37.973807-05:00,256251,2018-09-06T15:27:18.371330-05:00,e4443cdafe43a292f85f8b0a3e296b91,82624831-7ba5-4fe1-8b27-58e3ade04d00,Gene Expression Quantification,released,RNA-Seq,1,12.0 - 28.0,TCGA-MESO,1fbe223d-1177-405e-b027-464a1a9c6492,released,22edd5b8-2712-4702-80c2-8f030dbf29eb_count,https://github.com/NCI-GDC/htseq-cwl,HTSeq - Counts,v1,Primary Tumor,FALSE,TCGA-LK-A4O5,TCGA-LK-A4O5-01A
42790593-d917-431a-9b09-1ff16256eb4f,TXT,TCGA-TS-A7P3-01A-12R-A34F-07,open,1a3a9d02-12ea-4ab9-9cb8-e333ad51bfb5.htseq.counts.gz,1a3a9d02-12ea-4ab9-9cb8-e333ad51bfb5_count,Transcriptome Profiling,gene_expression,2016-05-30T18:25:24.305807-05:00,250937,2018-09-06T15:27:18.371330-05:00,30873655309336975d17a7c7c7a33c16,42790593-d917-431a-9b09-1ff16256eb4f,Gene Expression Quantification,released,RNA-Seq,1,12.0 - 28.0,TCGA-MESO,b873f845-aa15-48e4-b3e3-2d2cc4bc30f0,released,1a3a9d02-12ea-4ab9-9cb8-e333ad51bfb5_count,https://github.com/NCI-GDC/htseq-cwl,HTSeq - Counts,v1,Primary Tumor,FALSE,TCGA-TS-A7P3,TCGA-TS-A7P3-01A
28390d33-2b16-428c-9ac0-2c55f970b3c8,TXT,TCGA-TS-A7OU-01B-11R-A40A-07,open,9fa6189c-26cd-41b2-9970-3fb612154e34.htseq.counts.gz,9fa6189c-26cd-41b2-9970-3fb612154e34_count,Transcriptome Profiling,gene_expression,2016-05-29T10:47:00.837359-05:00,248362,2018-09-06T15:27:18.371330-05:00,bc01b380ea4383512b1435a774626d73,28390d33-2b16-428c-9ac0-2c55f970b3c8,Gene Expression Quantification,released,RNA-Seq,1,12.0 - 28.0,TCGA-MESO,c61c63b9-2296-4656-a17b-ee49ffe292dc,released,9fa6189c-26cd-41b2-9970-3fb612154e34_count,https://github.com/NCI-GDC/htseq-cwl,HTSeq - Counts,v1,Primary Tumor,FALSE,TCGA-TS-A7OU,TCGA-TS-A7OU-01B
50b5db59-d8c8-481b-ab23-155dc4a4a6d6,TXT,TCGA-SC-AA5Z-01A-21R-A40A-07,open,ffb2f6bc-c191-4be5-8410-3ea17b29bad8.htseq.counts.gz,ffb2f6bc-c191-4be5-8410-3ea17b29bad8_count,Transcriptome Profiling,gene_expression,2016-05-26T21:11:18.838293-05:00,250278,2018-09-06T15:27:18.371330-05:00,89247d12734aa4032e5bb13c03d173b4,50b5db59-d8c8-481b-ab23-155dc4a4a6d6,Gene Expression Quantification,released,RNA-Seq,1,12.0 - 28.0,TCGA-MESO,3a57b283-bf10-4977-a3e3-d1676a95d55d,released,ffb2f6bc-c191-4be5-8410-3ea17b29bad8_count,https://github.com/NCI-GDC/htseq-cwl,HTSeq - Counts,v1,Primary Tumor,FALSE,TCGA-SC-AA5Z,TCGA-SC-AA5Z-01A
513973e6-d2c4-41a0-a756-a007c8f00cd9,TXT,TCGA-UT-A97Y-01A-21R-A40A-07,open,df8882d4-891a-49de-86e6-befb21f151f2.htseq.counts.gz,df8882d4-891a-49de-86e6-befb21f151f2_count,Transcriptome Profiling,gene_expression,2016-05-30T18:47:33.940822-05:00,250454,2018-09-06T15:27:18.371330-05:00,7d8b3a82bd1d4751a8b7d0034308c5fb,513973e6-d2c4-41a0-a756-a007c8f00cd9,Gene Expression Quantification,released,RNA-Seq,1,12.0 - 28.0,TCGA-MESO,ce16a0e7-ab2f-4ec1-8b28-38eec8313c4c,released,df8882d4-891a-49de-86e6-befb21f151f2_count,https://github.com/NCI-GDC/htseq-cwl,HTSeq - Counts,v1,Primary Tumor,FALSE,TCGA-UT-A97Y,TCGA-UT-A97Y-01A
25b25ef6-6e4f-43c1-aae8-655d761ebbc2,TXT,TCGA-TS-A7OZ-01A-21R-A40A-07,open,af5ff8ac-1442-4a82-90be-21a78fdb1044.htseq.counts.gz,af5ff8ac-1442-4a82-90be-21a78fdb1044_count,Transcriptome Profiling,gene_expression,2016-05-30T18:55:43.446011-05:00,255855,2018-09-06T15:27:18.371330-05:00,dc8954f55c5fe556840714121ee37186,25b25ef6-6e4f-43c1-aae8-655d761ebbc2,Gene Expression Quantification,released,RNA-Seq,1,12.0 - 28.0,TCGA-MESO,0455a1fe-ff9d-4958-b9bb-2bd9dffabc0c,released,af5ff8ac-1442-4a82-90be-21a78fdb1044_count,https://github.com/NCI-GDC/htseq-cwl,HTSeq - Counts,v1,Primary Tumor,FALSE,TCGA-TS-A7OZ,TCGA-TS-A7OZ-01A
ec297ff2-297a-4999-aaaa-c04bb3172386,TXT,TCGA-TS-A7OY-01A-11R-A34F-07,open,e7573c6b-fe5b-4a9e-9c7f-15884543e7f8.htseq.counts.gz,e7573c6b-fe5b-4a9e-9c7f-15884543e7f8_count,Transcriptome Profiling,gene_expression,2016-05-26T21:25:03.672746-05:00,252236,2018-09-06T15:27:18.371330-05:00,5b1cd7ec8665ddcd8b2d8c7e0f0d6516,ec297ff2-297a-4999-aaaa-c04bb3172386,Gene Expression Quantification,released,RNA-Seq,1,12.0 - 28.0,TCGA-MESO,85b09fc8-df30-41d5-878c-e98435ae97fb,released,e7573c6b-fe5b-4a9e-9c7f-15884543e7f8_count,https://github.com/NCI-GDC/htseq-cwl,HTSeq - Counts,v1,Primary Tumor,FALSE,TCGA-TS-A7OY,TCGA-TS-A7OY-01A
79207765-2108-4c17-bd71-e98e51b41ffe,TXT,TCGA-YS-A95B-01A-11R-A40A-07,open,d99b31a9-b312-4b8f-8d35-aa1c327cb679.htseq.counts.gz,d99b31a9-b312-4b8f-8d35-aa1c327cb679_count,Transcriptome Profiling,gene_expression,2016-05-29T10:11:53.560111-05:00,253964,2018-09-06T15:27:18.371330-05:00,8b46988df770dcba15e637a7a8c62db4,79207765-2108-4c17-bd71-e98e51b41ffe,Gene Expression Quantification,released,RNA-Seq,1,12.0 - 28.0,TCGA-MESO,81ccfd7f-da45-44b7-bcb5-3973a6ab1710,released,d99b31a9-b312-4b8f-8d35-aa1c327cb679_count,https://github.com/NCI-GDC/htseq-cwl,HTSeq - Counts,v1,Primary Tumor,FALSE,TCGA-YS-A95B,TCGA-YS-A95B-01A
481ccee0-6841-48fb-a589-cab59ce0f4ce,TXT,TCGA-TS-A7P6-01A-21R-A34F-07,open,b0510082-734f-4d9d-b72a-2fc9d849e874.htseq.counts.gz,b0510082-734f-4d9d-b72a-2fc9d849e874_count,Transcriptome Profiling,gene_expression,2016-05-30T18:21:04.220005-05:00,247876,2018-09-06T15:27:18.371330-05:00,6e254c97322c31076e30237d76172bb7,481ccee0-6841-48fb-a589-cab59ce0f4ce,Gene Expression Quantification,released,RNA-Seq,1,12.0 - 28.0,TCGA-MESO,4a7de70d-7d3d-49b8-b70e-bcb8bde9a5e1,released,b0510082-734f-4d9d-b72a-2fc9d849e874_count,https://github.com/NCI-GDC/htseq-cwl,HTSeq - Counts,v1,Primary Tumor,FALSE,TCGA-TS-A7P6,TCGA-TS-A7P6-01A
96bbc12f-dfb5-4f9d-9e96-530d622e2279,TXT,TCGA-UD-AABY-01A-12R-A40A-07,open,e53c938c-800b-414d-a70c-957f230b3b53.htseq.counts.gz,e53c938c-800b-414d-a70c-957f230b3b53_count,Transcriptome Profiling,gene_expression,2016-05-30T18:35:23.141202-05:00,251876,2018-09-06T15:27:18.371330-05:00,eda09a5250597b8897e4d5b4138de020,96bbc12f-dfb5-4f9d-9e96-530d622e2279,Gene Expression Quantification,released,RNA-Seq,1,12.0 - 28.0,TCGA-MESO,50947c1b-9495-4f8b-9db8-7dd2f43bf829,released,e53c938c-800b-414d-a70c-957f230b3b53_count,https://github.com/NCI-GDC/htseq-cwl,HTSeq - Counts,v1,Primary Tumor,FALSE,TCGA-UD-AABY,TCGA-UD-AABY-01A
f9831e11-8b4c-4a2d-a69e-730e541ce472,TXT,TCGA-LK-A4NZ-01A-12R-A34F-07,open,cdc13c70-8016-40ce-b5de-df3cf5cd2f2b.htseq.counts.gz,cdc13c70-8016-40ce-b5de-df3cf5cd2f2b_count,Transcriptome Profiling,gene_expression,2016-05-30T18:52:57.213222-05:00,253332,2018-09-06T15:27:18.371330-05:00,67b6de50741b8ed8ef530e24ab4e3e08,f9831e11-8b4c-4a2d-a69e-730e541ce472,Gene Expression Quantification,released,RNA-Seq,1,12.0 - 28.0,TCGA-MESO,05f2872e-fc20-4134-a5f1-9b246b19d66b,released,cdc13c70-8016-40ce-b5de-df3cf5cd2f2b_count,https://github.com/NCI-GDC/htseq-cwl,HTSeq - Counts,v1,Primary Tumor,FALSE,TCGA-LK-A4NZ,TCGA-LK-A4NZ-01A
b5cdd45a-408a-408b-93da-2684ea8f6516,TXT,TCGA-UD-AAC7-01A-11R-A40A-07,open,af846af8-f765-4d5d-9320-21ff33b65a2e.htseq.counts.gz,af846af8-f765-4d5d-9320-21ff33b65a2e_count,Transcriptome Profiling,gene_expression,2016-05-26T21:10:24.430398-05:00,251505,2018-09-06T15:27:18.371330-05:00,1dae03c661992c5670c07338023aa0e2,b5cdd45a-408a-408b-93da-2684ea8f6516,Gene Expression Quantification,released,RNA-Seq,1,12.0 - 28.0,TCGA-MESO,18a6cee3-56a5-42e5-b5b9-f4491f912935,released,af846af8-f765-4d5d-9320-21ff33b65a2e_count,https://github.com/NCI-GDC/htseq-cwl,HTSeq - Counts,v1,Primary Tumor,FALSE,TCGA-UD-AAC7,TCGA-UD-AAC7-01A
51c433ce-1948-46b6-a9a5-261ef64bf721,TXT,TCGA-SH-A9CU-01A-11R-A40A-07,open,65e649e9-860f-466a-8ebd-7cc5b4d332fb.htseq.counts.gz,65e649e9-860f-466a-8ebd-7cc5b4d332fb_count,Transcriptome Profiling,gene_expression,2016-05-30T19:02:37.118325-05:00,248683,2018-09-06T15:27:18.371330-05:00,c7f21e0c29d503deb5c8bece99782b6a,51c433ce-1948-46b6-a9a5-261ef64bf721,Gene Expression Quantification,released,RNA-Seq,1,12.0 - 28.0,TCGA-MESO,663f1a11-8e80-489b-9656-1e8977f3e638,released,65e649e9-860f-466a-8ebd-7cc5b4d332fb_count,https://github.com/NCI-GDC/htseq-cwl,HTSeq - Counts,v1,Primary Tumor,FALSE,TCGA-SH-A9CU,TCGA-SH-A9CU-01A
f9c73775-a627-404b-a1a9-7dd2a1987b7f,TXT,TCGA-SH-A7BH-01A-11R-A34F-07,open,a2775f55-9d68-4497-9c6f-508e44ea47ef.htseq.counts.gz,a2775f55-9d68-4497-9c6f-508e44ea47ef_count,Transcriptome Profiling,gene_expression,2016-05-29T11:14:06.036251-05:00,247278,2018-09-06T15:27:18.371330-05:00,89bba368915244ad760a1a0551f6b784,f9c73775-a627-404b-a1a9-7dd2a1987b7f,Gene Expression Quantification,released,RNA-Seq,1,12.0 - 28.0,TCGA-MESO,87b15a68-0385-4f6c-819a-3d4bf44f464a,released,a2775f55-9d68-4497-9c6f-508e44ea47ef_count,https://github.com/NCI-GDC/htseq-cwl,HTSeq - Counts,v1,Primary Tumor,FALSE,TCGA-SH-A7BH,TCGA-SH-A7BH-01A
b1c17f2f-d13e-452f-ab5c-4c3bf380acf7,TXT,TCGA-3H-AB3M-01A-11R-A40A-07,open,68a26147-3686-4e65-8eb4-9179b5bc0e57.htseq.counts.gz,68a26147-3686-4e65-8eb4-9179b5bc0e57_count,Transcriptome Profiling,gene_expression,2016-05-30T18:57:00.288647-05:00,254148,2018-09-06T15:27:18.371330-05:00,c096915747022f2598ab3dd5b014e5b1,b1c17f2f-d13e-452f-ab5c-4c3bf380acf7,Gene Expression Quantification,released,RNA-Seq,1,12.0 - 28.0,TCGA-MESO,37254d40-d12e-455f-ab32-0febd58871cf,released,68a26147-3686-4e65-8eb4-9179b5bc0e57_count,https://github.com/NCI-GDC/htseq-cwl,HTSeq - Counts,v1,Primary Tumor,FALSE,TCGA-3H-AB3M,TCGA-3H-AB3M-01A
dacd9639-0510-47d5-9572-e2243dcc2303,TXT,TCGA-LK-A4O7-01A-11R-A34F-07,open,18497657-de2e-4cec-86eb-bbfc74ae1f36.htseq.counts.gz,18497657-de2e-4cec-86eb-bbfc74ae1f36_count,Transcriptome Profiling,gene_expression,2016-05-29T11:13:01.491110-05:00,255993,2018-09-06T15:27:18.371330-05:00,d7e2bc18e937cea222fed22ac5687c60,dacd9639-0510-47d5-9572-e2243dcc2303,Gene Expression Quantification,released,RNA-Seq,1,12.0 - 28.0,TCGA-MESO,bad94848-d849-4a74-84ea-af413e14b1c3,released,18497657-de2e-4cec-86eb-bbfc74ae1f36_count,https://github.com/NCI-GDC/htseq-cwl,HTSeq - Counts,v1,Primary Tumor,FALSE,TCGA-LK-A4O7,TCGA-LK-A4O7-01A
c9e2911f-8e6c-4611-a84b-0a49040de556,TXT,TCGA-NQ-A57I-01A-11R-A34F-07,open,7e138abf-5768-4106-a2fa-50ac0034f550.htseq.counts.gz,7e138abf-5768-4106-a2fa-50ac0034f550_count,Transcriptome Profiling,gene_expression,2016-05-26T21:11:16.794957-05:00,252598,2018-09-06T15:27:18.371330-05:00,d81b35a42a43dc131b8843511044e6a4,c9e2911f-8e6c-4611-a84b-0a49040de556,Gene Expression Quantification,released,RNA-Seq,1,12.0 - 28.0,TCGA-MESO,415ffae8-9f48-4dc6-b2b8-89e3e853eebd,released,7e138abf-5768-4106-a2fa-50ac0034f550_count,https://github.com/NCI-GDC/htseq-cwl,HTSeq - Counts,v1,Primary Tumor,FALSE,TCGA-NQ-A57I,TCGA-NQ-A57I-01A
e88729f7-b73a-4664-81fd-f963ba3cceec,TXT,TCGA-UT-A88E-01B-11R-A40A-07,open,4e673a0f-9c9c-4927-8787-068ce9e0ff69.htseq.counts.gz,4e673a0f-9c9c-4927-8787-068ce9e0ff69_count,Transcriptome Profiling,gene_expression,2016-05-30T18:22:40.257402-05:00,253555,2018-09-06T15:27:18.371330-05:00,e9ac8251e33ecbbacda12ff631e3ec9b,e88729f7-b73a-4664-81fd-f963ba3cceec,Gene Expression Quantification,released,RNA-Seq,1,12.0 - 28.0,TCGA-MESO,f158e4c1-a556-4012-afaa-08570d483cf0,released,4e673a0f-9c9c-4927-8787-068ce9e0ff69_count,https://github.com/NCI-GDC/htseq-cwl,HTSeq - Counts,v1,Primary Tumor,FALSE,TCGA-UT-A88E,TCGA-UT-A88E-01B
6c929cc7-7a94-4378-966b-2eeed411ebe9,TXT,TCGA-SH-A7BC-01A-11R-A34F-07,open,8db3b509-4044-4383-b1da-a4fca9742d8e.htseq.counts.gz,8db3b509-4044-4383-b1da-a4fca9742d8e_count,Transcriptome Profiling,gene_expression,2016-05-30T18:49:25.346270-05:00,255265,2018-09-06T15:27:18.371330-05:00,8c8d86ae756dbfbf7740f265ce390968,6c929cc7-7a94-4378-966b-2eeed411ebe9,Gene Expression Quantification,released,RNA-Seq,1,12.0 - 28.0,TCGA-MESO,3aedb882-07a4-4cd0-8f46-790d6d9663ef,released,8db3b509-4044-4383-b1da-a4fca9742d8e_count,https://github.com/NCI-GDC/htseq-cwl,HTSeq - Counts,v1,Primary Tumor,FALSE,TCGA-SH-A7BC,TCGA-SH-A7BC-01A
e2311e3d-77d6-4f45-92ac-9cd9b840158d,TXT,TCGA-ZN-A9VP-01A-11R-A40A-07,open,02af2ffc-77c4-4a02-91aa-01f1cddc8f20.htseq.counts.gz,02af2ffc-77c4-4a02-91aa-01f1cddc8f20_count,Transcriptome Profiling,gene_expression,2016-05-30T18:56:38.018341-05:00,254484,2018-09-06T15:27:18.371330-05:00,43e2caa1aa2f216c2bbf7841a83e5a62,e2311e3d-77d6-4f45-92ac-9cd9b840158d,Gene Expression Quantification,released,RNA-Seq,1,12.0 - 28.0,TCGA-MESO,35a5cb6d-44f2-4a17-a11c-bbcdbcc354f1,released,02af2ffc-77c4-4a02-91aa-01f1cddc8f20_count,https://github.com/NCI-GDC/htseq-cwl,HTSeq - Counts,v1,Primary Tumor,FALSE,TCGA-ZN-A9VP,TCGA-ZN-A9VP-01A
2dd5350e-f451-4cf9-bef9-5f704e10ba08,TXT,TCGA-ZN-A9VO-01A-11R-A40A-07,open,eac8bafb-140e-4f11-bd75-2fbc84a83eb8.htseq.counts.gz,eac8bafb-140e-4f11-bd75-2fbc84a83eb8_count,Transcriptome Profiling,gene_expression,2016-05-29T10:47:45.768427-05:00,255869,2018-09-06T15:27:18.371330-05:00,95c182522fdb35f73153e4da40680c72,2dd5350e-f451-4cf9-bef9-5f704e10ba08,Gene Expression Quantification,released,RNA-Seq,1,12.0 - 28.0,TCGA-MESO,f4ed1505-5720-4508-81dd-6158a6c80698,released,eac8bafb-140e-4f11-bd75-2fbc84a83eb8_count,https://github.com/NCI-GDC/htseq-cwl,HTSeq - Counts,v1,Primary Tumor,FALSE,TCGA-ZN-A9VO,TCGA-ZN-A9VO-01A
7d00d72f-5cef-498e-8ac3-2793b5971256,TXT,TCGA-MQ-A4LV-01A-11R-A34F-07,open,79661e40-895e-416e-a614-d17689ba081c.htseq.counts.gz,79661e40-895e-416e-a614-d17689ba081c_count,Transcriptome Profiling,gene_expression,2016-05-29T10:57:28.749565-05:00,251794,2018-09-06T15:27:18.371330-05:00,a0f90b738aa11b6ff4c624c92ae019b8,7d00d72f-5cef-498e-8ac3-2793b5971256,Gene Expression Quantification,released,RNA-Seq,1,12.0 - 28.0,TCGA-MESO,94382029-67e7-479f-a010-3c869fa5ad63,released,79661e40-895e-416e-a614-d17689ba081c_count,https://github.com/NCI-GDC/htseq-cwl,HTSeq - Counts,v1,Primary Tumor,FALSE,TCGA-MQ-A4LV,TCGA-MQ-A4LV-01A
9492a457-8212-41fc-a9ce-fc0033b2608d,TXT,TCGA-UT-A88G-01B-11R-A40A-07,open,16fceb66-d513-4eaa-b7f8-7a2d03aeb4b0.htseq.counts.gz,16fceb66-d513-4eaa-b7f8-7a2d03aeb4b0_count,Transcriptome Profiling,gene_expression,2016-05-30T18:31:07.522043-05:00,255791,2018-09-06T15:27:18.371330-05:00,bab240a485c83b8315b7f0cf33ef2668,9492a457-8212-41fc-a9ce-fc0033b2608d,Gene Expression Quantification,released,RNA-Seq,1,12.0 - 28.0,TCGA-MESO,cce77150-78f7-421d-adf2-2dc7cd1406ff,released,16fceb66-d513-4eaa-b7f8-7a2d03aeb4b0_count,https://github.com/NCI-GDC/htseq-cwl,HTSeq - Counts,v1,Primary Tumor,FALSE,TCGA-UT-A88G,TCGA-UT-A88G-01B
c5b4feec-a64e-41f2-a197-b53b3c4afdd5,TXT,TCGA-MQ-A4LP-01A-11R-A34F-07,open,e699af97-3c12-4b1a-a166-d4ebbe67fd6c.htseq.counts.gz,e699af97-3c12-4b1a-a166-d4ebbe67fd6c_count,Transcriptome Profiling,gene_expression,2016-05-29T11:09:24.884476-05:00,252406,2018-09-06T15:27:18.371330-05:00,3cd011d2ec52c1e1e64fb578d221bc16,c5b4feec-a64e-41f2-a197-b53b3c4afdd5,Gene Expression Quantification,released,RNA-Seq,1,12.0 - 28.0,TCGA-MESO,037485dd-df26-4231-a873-3ebc192bf5f8,released,e699af97-3c12-4b1a-a166-d4ebbe67fd6c_count,https://github.com/NCI-GDC/htseq-cwl,HTSeq - Counts,v1,Primary Tumor,FALSE,TCGA-MQ-A4LP,TCGA-MQ-A4LP-01A
1b319ecd-4989-4713-b450-34921c645606,TXT,TCGA-3H-AB3T-01A-11R-A40A-07,open,c720a657-d04a-4a7a-8a26-293048d56b2d.htseq.counts.gz,c720a657-d04a-4a7a-8a26-293048d56b2d_count,Transcriptome Profiling,gene_expression,2016-05-29T10:09:34.181609-05:00,248557,2018-09-06T15:27:18.371330-05:00,03e9fb274852a2fcd2887d0a1a0a49c5,1b319ecd-4989-4713-b450-34921c645606,Gene Expression Quantification,released,RNA-Seq,1,12.0 - 28.0,TCGA-MESO,3176d5c3-c8bb-40e1-a692-e761247b46cd,released,c720a657-d04a-4a7a-8a26-293048d56b2d_count,https://github.com/NCI-GDC/htseq-cwl,HTSeq - Counts,v1,Primary Tumor,FALSE,TCGA-3H-AB3T,TCGA-3H-AB3T-01A
914bbe25-738a-4ff1-b232-62206f40281d,TXT,TCGA-UD-AAC6-01A-11R-A40A-07,open,f5325773-29e9-403c-874d-429a78360c6e.htseq.counts.gz,f5325773-29e9-403c-874d-429a78360c6e_count,Transcriptome Profiling,gene_expression,2016-05-30T18:30:33.707478-05:00,249733,2018-09-06T15:27:18.371330-05:00,19d62866765895cf13a23146d26e93b3,914bbe25-738a-4ff1-b232-62206f40281d,Gene Expression Quantification,released,RNA-Seq,1,12.0 - 28.0,TCGA-MESO,97ccd972-b7ed-487a-9107-bfdc8ae3afe5,released,f5325773-29e9-403c-874d-429a78360c6e_count,https://github.com/NCI-GDC/htseq-cwl,HTSeq - Counts,v1,Primary Tumor,FALSE,TCGA-UD-AAC6,TCGA-UD-AAC6-01A
77a0aa4f-e45f-41ef-ba7c-b8a9a149187d,TXT,TCGA-NQ-A638-01A-11R-A34F-07,open,ac3945f5-d50b-45ac-9592-7ce9a8976e55.htseq.counts.gz,ac3945f5-d50b-45ac-9592-7ce9a8976e55_count,Transcriptome Profiling,gene_expression,2016-05-29T10:33:21.011556-05:00,251791,2018-09-06T15:27:18.371330-05:00,e545a7bde6b01efb1ea4fb1601d22556,77a0aa4f-e45f-41ef-ba7c-b8a9a149187d,Gene Expression Quantification,released,RNA-Seq,1,12.0 - 28.0,TCGA-MESO,4278baeb-35b0-407e-899c-9e3300b17d86,released,ac3945f5-d50b-45ac-9592-7ce9a8976e55_count,https://github.com/NCI-GDC/htseq-cwl,HTSeq - Counts,v1,Primary Tumor,FALSE,TCGA-NQ-A638,TCGA-NQ-A638-01A
e1617a0f-a75d-471b-ad45-c78b78ba1615,TXT,TCGA-TS-A7P8-01A-11R-A34F-07,open,86d7188b-2d97-4dca-b033-34778e5a6aa1.htseq.counts.gz,86d7188b-2d97-4dca-b033-34778e5a6aa1_count,Transcriptome Profiling,gene_expression,2016-05-29T10:53:02.378161-05:00,255246,2018-09-06T15:27:18.371330-05:00,2c1331747d55928a2a7c2319207ef948,e1617a0f-a75d-471b-ad45-c78b78ba1615,Gene Expression Quantification,released,RNA-Seq,1,12.0 - 28.0,TCGA-MESO,08ecffc6-c728-467c-a037-53dad78b51f6,released,86d7188b-2d97-4dca-b033-34778e5a6aa1_count,https://github.com/NCI-GDC/htseq-cwl,HTSeq - Counts,v1,Primary Tumor,FALSE,TCGA-TS-A7P8,TCGA-TS-A7P8-01A
b8654cf7-c3d8-4d22-b6ec-e1128365b5fa,TXT,TCGA-MQ-A6BN-01A-12R-A34F-07,open,879937bd-c6f8-4bca-a467-e09d21cee6bb.htseq.counts.gz,879937bd-c6f8-4bca-a467-e09d21cee6bb_count,Transcriptome Profiling,gene_expression,2016-05-29T10:25:57.859432-05:00,246515,2018-09-06T15:27:18.371330-05:00,0b41b0019ea37675ac3f838ff962f224,b8654cf7-c3d8-4d22-b6ec-e1128365b5fa,Gene Expression Quantification,released,RNA-Seq,1,12.0 - 28.0,TCGA-MESO,98b19c62-fd67-4180-9d4a-ceb86835dfb1,released,879937bd-c6f8-4bca-a467-e09d21cee6bb_count,https://github.com/NCI-GDC/htseq-cwl,HTSeq - Counts,v1,Primary Tumor,FALSE,TCGA-MQ-A6BN,TCGA-MQ-A6BN-01A
7b3fbe45-86ae-4c36-aa80-3b0d94cb1d8f,TXT,TCGA-LK-A4NW-01A-11R-A34F-07,open,1afc81dd-cbac-439f-a65e-2ccd07516812.htseq.counts.gz,1afc81dd-cbac-439f-a65e-2ccd07516812_count,Transcriptome Profiling,gene_expression,2016-05-26T21:26:21.641705-05:00,251965,2018-09-06T15:27:18.371330-05:00,21c4ba78f4d9bc742fb4cb7ce021aaea,7b3fbe45-86ae-4c36-aa80-3b0d94cb1d8f,Gene Expression Quantification,released,RNA-Seq,1,12.0 - 28.0,TCGA-MESO,778a9737-c12c-42c7-851e-2a5cf8170772,released,1afc81dd-cbac-439f-a65e-2ccd07516812_count,https://github.com/NCI-GDC/htseq-cwl,HTSeq - Counts,v1,Primary Tumor,FALSE,TCGA-LK-A4NW,TCGA-LK-A4NW-01A
56160d8e-aac1-4018-b022-28219f8ab70f,TXT,TCGA-ZN-A9VV-01A-11R-A40A-07,open,0a081c33-5a2f-4fa8-a365-833f29f0e815.htseq.counts.gz,0a081c33-5a2f-4fa8-a365-833f29f0e815_count,Transcriptome Profiling,gene_expression,2016-05-30T18:48:30.004247-05:00,246296,2018-09-06T15:27:18.371330-05:00,b6c7056ef5f696f47323a23d902b7ccd,56160d8e-aac1-4018-b022-28219f8ab70f,Gene Expression Quantification,released,RNA-Seq,1,12.0 - 28.0,TCGA-MESO,6ff169af-09c1-42fb-bb53-4f6b031e48c7,released,0a081c33-5a2f-4fa8-a365-833f29f0e815_count,https://github.com/NCI-GDC/htseq-cwl,HTSeq - Counts,v1,Primary Tumor,FALSE,TCGA-ZN-A9VV,TCGA-ZN-A9VV-01A
0a81995d-22e3-47ff-981f-70b84ec7dfeb,TXT,TCGA-ZN-A9VU-01A-11R-A40A-07,open,3016482b-edb1-4dbe-90f6-b3992704ee1d.htseq.counts.gz,3016482b-edb1-4dbe-90f6-b3992704ee1d_count,Transcriptome Profiling,gene_expression,2016-05-30T19:00:13.337216-05:00,252482,2018-09-06T15:27:18.371330-05:00,8244f647c78ed673a6f3621f6d29dec4,0a81995d-22e3-47ff-981f-70b84ec7dfeb,Gene Expression Quantification,released,RNA-Seq,1,12.0 - 28.0,TCGA-MESO,c453f621-66c4-4ae4-9138-f4c419d177e6,released,3016482b-edb1-4dbe-90f6-b3992704ee1d_count,https://github.com/NCI-GDC/htseq-cwl,HTSeq - Counts,v1,Primary Tumor,FALSE,TCGA-ZN-A9VU,TCGA-ZN-A9VU-01A
2b586483-d1b8-4d36-b66e-ca367ed428e9,TXT,TCGA-UD-AABZ-01A-12R-A40A-07,open,94e825e0-ba6b-4d41-9ad5-9745e96491cd.htseq.counts.gz,94e825e0-ba6b-4d41-9ad5-9745e96491cd_count,Transcriptome Profiling,gene_expression,2016-05-30T18:29:50.932516-05:00,246302,2018-09-06T15:27:18.371330-05:00,ee136a5e400d58313db830e6d7af0b53,2b586483-d1b8-4d36-b66e-ca367ed428e9,Gene Expression Quantification,released,RNA-Seq,1,12.0 - 28.0,TCGA-MESO,d6e29db4-e174-46ae-8c81-30505c92225e,released,94e825e0-ba6b-4d41-9ad5-9745e96491cd_count,https://github.com/NCI-GDC/htseq-cwl,HTSeq - Counts,v1,Primary Tumor,FALSE,TCGA-UD-AABZ,TCGA-UD-AABZ-01A
0a913203-b7fc-4548-943d-e4c916594232,TXT,TCGA-3U-A98G-01A-11R-A40A-07,open,669cf617-2080-408a-b530-f899d26c694d.htseq.counts.gz,669cf617-2080-408a-b530-f899d26c694d_count,Transcriptome Profiling,gene_expression,2016-05-29T11:03:10.081972-05:00,245871,2018-09-06T15:27:18.371330-05:00,48ae17a96377930e5480d81396293a10,0a913203-b7fc-4548-943d-e4c916594232,Gene Expression Quantification,released,RNA-Seq,1,12.0 - 28.0,TCGA-MESO,f7fbfac5-f4d8-47f3-9198-3ea2f2c9f3e3,released,669cf617-2080-408a-b530-f899d26c694d_count,https://github.com/NCI-GDC/htseq-cwl,HTSeq - Counts,v1,Primary Tumor,FALSE,TCGA-3U-A98G,TCGA-3U-A98G-01A
a63ba5cb-d5ec-4cb7-9a36-1f557784459e,TXT,TCGA-UT-A88D-01B-11R-A40A-07,open,282cf2a6-0463-479e-986f-1d0527769aed.htseq.counts.gz,282cf2a6-0463-479e-986f-1d0527769aed_count,Transcriptome Profiling,gene_expression,2016-05-26T21:13:24.301561-05:00,252520,2018-09-06T15:27:18.371330-05:00,b02feef25b11f8ac7ebc97ef5a6e17b7,a63ba5cb-d5ec-4cb7-9a36-1f557784459e,Gene Expression Quantification,released,RNA-Seq,1,12.0 - 28.0,TCGA-MESO,2de95b92-fa33-4b5a-a314-c0553193623b,released,282cf2a6-0463-479e-986f-1d0527769aed_count,https://github.com/NCI-GDC/htseq-cwl,HTSeq - Counts,v1,Primary Tumor,FALSE,TCGA-UT-A88D,TCGA-UT-A88D-01B
ec3ae406-fbfc-450b-9554-6e44da2894b2,TXT,TCGA-UD-AAC4-01A-11R-A40A-07,open,02873698-0583-4ade-ad3c-1085da6b579a.htseq.counts.gz,02873698-0583-4ade-ad3c-1085da6b579a_count,Transcriptome Profiling,gene_expression,2016-05-26T21:26:26.757054-05:00,252175,2018-09-06T15:27:18.371330-05:00,888c07d474b48762984e7f325ae78c57,ec3ae406-fbfc-450b-9554-6e44da2894b2,Gene Expression Quantification,released,RNA-Seq,1,12.0 - 28.0,TCGA-MESO,3e003242-9388-4510-aca2-e1b740e0a1dd,released,02873698-0583-4ade-ad3c-1085da6b579a_count,https://github.com/NCI-GDC/htseq-cwl,HTSeq - Counts,v1,Primary Tumor,FALSE,TCGA-UD-AAC4,TCGA-UD-AAC4-01A
ef94cd40-0d39-4831-a773-5f6a0eb652f4,TXT,TCGA-TS-A7PB-01A-11R-A34F-07,open,437d0ef5-7174-42fd-9b3d-aa611ee7af7a.htseq.counts.gz,437d0ef5-7174-42fd-9b3d-aa611ee7af7a_count,Transcriptome Profiling,gene_expression,2016-05-30T18:47:59.933016-05:00,251201,2018-09-06T15:27:18.371330-05:00,266e52157702ed3cbd685b5c6b3f4500,ef94cd40-0d39-4831-a773-5f6a0eb652f4,Gene Expression Quantification,released,RNA-Seq,1,12.0 - 28.0,TCGA-MESO,07901917-7fcb-4d62-b35f-48952fd51d43,released,437d0ef5-7174-42fd-9b3d-aa611ee7af7a_count,https://github.com/NCI-GDC/htseq-cwl,HTSeq - Counts,v1,Primary Tumor,FALSE,TCGA-TS-A7PB,TCGA-TS-A7PB-01A
3d5ec1db-e313-4778-8c41-48d8b8da7799,TXT,TCGA-3H-AB3X-01A-11R-A40A-07,open,e69d844d-2473-4587-9f83-e736ad6cb225.htseq.counts.gz,e69d844d-2473-4587-9f83-e736ad6cb225_count,Transcriptome Profiling,gene_expression,2016-05-30T18:46:23.900569-05:00,253313,2018-09-06T15:27:18.371330-05:00,31db1b82df83913f33d5867b347a327e,3d5ec1db-e313-4778-8c41-48d8b8da7799,Gene Expression Quantification,released,RNA-Seq,1,12.0 - 28.0,TCGA-MESO,92342f36-c2fe-431b-a19d-b6b4094aa796,released,e69d844d-2473-4587-9f83-e736ad6cb225_count,https://github.com/NCI-GDC/htseq-cwl,HTSeq - Counts,v1,Primary Tumor,FALSE,TCGA-3H-AB3X,TCGA-3H-AB3X-01A
8153aa71-a191-478b-bad3-7d7142a47617,TXT,TCGA-UT-A88C-01B-11R-A40A-07,open,5cdf654d-a0b1-46cf-a469-a6891dd32dd7.htseq.counts.gz,5cdf654d-a0b1-46cf-a469-a6891dd32dd7_count,Transcriptome Profiling,gene_expression,2016-05-29T10:58:09.797928-05:00,254924,2018-09-06T15:27:18.371330-05:00,a2557a9fa72883dd2a49115b71cab5ea,8153aa71-a191-478b-bad3-7d7142a47617,Gene Expression Quantification,released,RNA-Seq,1,12.0 - 28.0,TCGA-MESO,84f014c6-4e58-4527-b530-39da353db689,released,5cdf654d-a0b1-46cf-a469-a6891dd32dd7_count,https://github.com/NCI-GDC/htseq-cwl,HTSeq - Counts,v1,Primary Tumor,FALSE,TCGA-UT-A88C,TCGA-UT-A88C-01B
29f8e41c-62e4-4a11-8921-add3b37fab3e,TXT,TCGA-ZN-A9VW-01A-11R-A40A-07,open,9cc4243f-1ab8-4fea-9285-c8c73dbb4928.htseq.counts.gz,9cc4243f-1ab8-4fea-9285-c8c73dbb4928_count,Transcriptome Profiling,gene_expression,2016-05-29T10:30:08.777113-05:00,252462,2018-09-06T15:27:18.371330-05:00,6cc8ddd69fcfa160fe0714ec8a67cda8,29f8e41c-62e4-4a11-8921-add3b37fab3e,Gene Expression Quantification,released,RNA-Seq,1,12.0 - 28.0,TCGA-MESO,7e4917b2-c872-45ef-9d4d-954718fb21d3,released,9cc4243f-1ab8-4fea-9285-c8c73dbb4928_count,https://github.com/NCI-GDC/htseq-cwl,HTSeq - Counts,v1,Primary Tumor,FALSE,TCGA-ZN-A9VW,TCGA-ZN-A9VW-01A
029ce2ee-432c-43ca-8c6d-fa983c55109d,TXT,TCGA-MQ-A6BQ-01A-11R-A34F-07,open,d4867e8b-04bc-460d-8437-a1ac3a5ab374.htseq.counts.gz,d4867e8b-04bc-460d-8437-a1ac3a5ab374_count,Transcriptome Profiling,gene_expression,2016-05-30T18:52:13.495284-05:00,251028,2018-09-06T15:27:18.371330-05:00,1c816d00f488458d023552fed63ed1db,029ce2ee-432c-43ca-8c6d-fa983c55109d,Gene Expression Quantification,released,RNA-Seq,1,12.0 - 28.0,TCGA-MESO,1f5044f8-ba3e-47f7-ba35-72bab72c7d8b,released,d4867e8b-04bc-460d-8437-a1ac3a5ab374_count,https://github.com/NCI-GDC/htseq-cwl,HTSeq - Counts,v1,Primary Tumor,FALSE,TCGA-MQ-A6BQ,TCGA-MQ-A6BQ-01A
87a7d233-cfb7-4e13-a815-e3e04d85a7d6,TXT,TCGA-TS-A7P0-01A-11R-A34F-07,open,dc91834c-347b-4e02-afe5-480d4d7f40e7.htseq.counts.gz,dc91834c-347b-4e02-afe5-480d4d7f40e7_count,Transcriptome Profiling,gene_expression,2016-05-29T11:12:09.312933-05:00,253632,2018-09-06T15:27:18.371330-05:00,f6fcadfe1bd97b71a681f48c69fabaa1,87a7d233-cfb7-4e13-a815-e3e04d85a7d6,Gene Expression Quantification,released,RNA-Seq,1,12.0 - 28.0,TCGA-MESO,95a91148-7bfc-4531-8bf8-264c764c6907,released,dc91834c-347b-4e02-afe5-480d4d7f40e7_count,https://github.com/NCI-GDC/htseq-cwl,HTSeq - Counts,v1,Primary Tumor,FALSE,TCGA-TS-A7P0,TCGA-TS-A7P0-01A
98436264-e7f9-430f-9899-c0effed1dac4,TXT,TCGA-TS-A8AY-01A-21R-A40A-07,open,59dc2073-de4b-48e2-955c-45ab03d6d786.htseq.counts.gz,59dc2073-de4b-48e2-955c-45ab03d6d786_count,Transcriptome Profiling,gene_expression,2016-05-26T21:07:15.527106-05:00,251732,2018-09-06T15:27:18.371330-05:00,194d315e4ee476e3533d2478918fb0c7,98436264-e7f9-430f-9899-c0effed1dac4,Gene Expression Quantification,released,RNA-Seq,1,12.0 - 28.0,TCGA-MESO,de608d86-de3b-4049-beeb-027e7a6c2e72,released,59dc2073-de4b-48e2-955c-45ab03d6d786_count,https://github.com/NCI-GDC/htseq-cwl,HTSeq - Counts,v1,Primary Tumor,FALSE,TCGA-TS-A8AY,TCGA-TS-A8AY-01A
0a6f44af-0d7d-4cb2-9ebd-08c80fd4255b,TXT,TCGA-3H-AB3S-01A-21R-A40A-07,open,00b50a25-16d4-4193-8916-fb30ef1d5089.htseq.counts.gz,00b50a25-16d4-4193-8916-fb30ef1d5089_count,Transcriptome Profiling,gene_expression,2016-05-26T21:19:08.543398-05:00,250760,2018-09-06T15:27:18.371330-05:00,fe83426c25fb94ba0f1bd79af0abb766,0a6f44af-0d7d-4cb2-9ebd-08c80fd4255b,Gene Expression Quantification,released,RNA-Seq,1,12.0 - 28.0,TCGA-MESO,b21287fe-91c0-4304-ba03-70994d73f7ee,released,00b50a25-16d4-4193-8916-fb30ef1d5089_count,https://github.com/NCI-GDC/htseq-cwl,HTSeq - Counts,v1,Primary Tumor,FALSE,TCGA-3H-AB3S,TCGA-3H-AB3S-01A
2b3717e5-658c-40a7-858e-1b9ccd42535d,TXT,TCGA-LK-A4O6-01A-11R-A34F-07,open,ebe5dd61-df1f-43a1-b85f-24ce0d8c0d02.htseq.counts.gz,ebe5dd61-df1f-43a1-b85f-24ce0d8c0d02_count,Transcriptome Profiling,gene_expression,2016-05-29T11:06:09.174158-05:00,250608,2018-09-06T15:27:18.371330-05:00,019f6c29bb2e49f7e2e196d71e27aa9e,2b3717e5-658c-40a7-858e-1b9ccd42535d,Gene Expression Quantification,released,RNA-Seq,1,12.0 - 28.0,TCGA-MESO,b776374f-173d-439a-8e95-849e67f30b40,released,ebe5dd61-df1f-43a1-b85f-24ce0d8c0d02_count,https://github.com/NCI-GDC/htseq-cwl,HTSeq - Counts,v1,Primary Tumor,FALSE,TCGA-LK-A4O6,TCGA-LK-A4O6-01A
ca8aee60-4243-4c0b-81f5-9e3091cb5538,TXT,TCGA-3H-AB3L-01A-11R-A40A-07,open,82c9a91b-da87-45bd-97bd-e27145f5112c.htseq.counts.gz,82c9a91b-da87-45bd-97bd-e27145f5112c_count,Transcriptome Profiling,gene_expression,2016-05-30T18:39:55.190963-05:00,250135,2018-09-06T15:27:18.371330-05:00,bfa5537f8124122501188cd487dce8dd,ca8aee60-4243-4c0b-81f5-9e3091cb5538,Gene Expression Quantification,released,RNA-Seq,1,12.0 - 28.0,TCGA-MESO,9144e275-de34-4c8f-b28a-8ee205aa5d38,released,82c9a91b-da87-45bd-97bd-e27145f5112c_count,https://github.com/NCI-GDC/htseq-cwl,HTSeq - Counts,v1,Primary Tumor,FALSE,TCGA-3H-AB3L,TCGA-3H-AB3L-01A
f5a3b64e-ae9e-46a8-b7c4-84275639ac84,TXT,TCGA-MQ-A6BR-01A-11R-A34F-07,open,9211c8c3-c601-4dc8-99a1-76b20cbd4d0f.htseq.counts.gz,9211c8c3-c601-4dc8-99a1-76b20cbd4d0f_count,Transcriptome Profiling,gene_expression,2016-05-26T21:04:55.583818-05:00,250343,2018-09-06T15:27:18.371330-05:00,92c8b4646e2588dd330e0e41a67e1d24,f5a3b64e-ae9e-46a8-b7c4-84275639ac84,Gene Expression Quantification,released,RNA-Seq,1,12.0 - 28.0,TCGA-MESO,632708cc-6a76-424a-a139-280f5ae1adc6,released,9211c8c3-c601-4dc8-99a1-76b20cbd4d0f_count,https://github.com/NCI-GDC/htseq-cwl,HTSeq - Counts,v1,Primary Tumor,FALSE,TCGA-MQ-A6BR,TCGA-MQ-A6BR-01A
bcb439bf-6ce9-4b0b-9db1-6993429ed8ff,TXT,TCGA-3U-A98I-01A-11R-A40A-07,open,3751b9c6-446b-4510-bb43-437ba4ffdc2e.htseq.counts.gz,3751b9c6-446b-4510-bb43-437ba4ffdc2e_count,Transcriptome Profiling,gene_expression,2016-05-30T18:45:37.081713-05:00,244357,2018-09-06T15:27:18.371330-05:00,686d040c7342a7c7c49fd47bf1df4bcb,bcb439bf-6ce9-4b0b-9db1-6993429ed8ff,Gene Expression Quantification,released,RNA-Seq,1,12.0 - 28.0,TCGA-MESO,33776637-a37d-4661-8b78-e833a5c97eb4,released,3751b9c6-446b-4510-bb43-437ba4ffdc2e_count,https://github.com/NCI-GDC/htseq-cwl,HTSeq - Counts,v1,Primary Tumor,FALSE,TCGA-3U-A98I,TCGA-3U-A98I-01A
0e114c09-d5fe-4d19-8cc0-aab017af1d10,TXT,TCGA-3U-A98H-01A-11R-A40A-07,open,3609e1bc-c1ed-4569-8b06-5c057e360ab6.htseq.counts.gz,3609e1bc-c1ed-4569-8b06-5c057e360ab6_count,Transcriptome Profiling,gene_expression,2016-05-29T10:16:10.208571-05:00,251361,2018-09-06T15:27:18.371330-05:00,18769d1f1ceb4b966fa208b4e1f98b83,0e114c09-d5fe-4d19-8cc0-aab017af1d10,Gene Expression Quantification,released,RNA-Seq,1,12.0 - 28.0,TCGA-MESO,43a3561a-ead0-4d59-9ca9-8ae7f067ee7a,released,3609e1bc-c1ed-4569-8b06-5c057e360ab6_count,https://github.com/NCI-GDC/htseq-cwl,HTSeq - Counts,v1,Primary Tumor,FALSE,TCGA-3U-A98H,TCGA-3U-A98H-01A
d02a87af-6578-4ed1-bc6b-b9bea102c36d,TXT,TCGA-TS-A7P7-01A-11R-A40A-07,open,4d635366-fe99-4282-8bbd-18ba0bac8a17.htseq.counts.gz,4d635366-fe99-4282-8bbd-18ba0bac8a17_count,Transcriptome Profiling,gene_expression,2016-05-30T18:47:33.430420-05:00,249781,2018-09-06T15:27:18.371330-05:00,a0ee51c8a63bf7879bb37a3c180e6c6f,d02a87af-6578-4ed1-bc6b-b9bea102c36d,Gene Expression Quantification,released,RNA-Seq,1,12.0 - 28.0,TCGA-MESO,fcca8821-1e0e-4b5b-92f1-6131f19671a6,released,4d635366-fe99-4282-8bbd-18ba0bac8a17_count,https://github.com/NCI-GDC/htseq-cwl,HTSeq - Counts,v1,Primary Tumor,FALSE,TCGA-TS-A7P7,TCGA-TS-A7P7-01A
1c5890d6-5021-403f-a491-851070c0fd4b,TXT,TCGA-YS-A95C-01A-11R-A40A-07,open,4372494c-5b1d-484e-9269-8940710e6e12.htseq.counts.gz,4372494c-5b1d-484e-9269-8940710e6e12_count,Transcriptome Profiling,gene_expression,2016-05-30T18:47:56.629060-05:00,249152,2018-09-06T15:27:18.371330-05:00,8c48e72fb7f067ea4d09ead0f041f863,1c5890d6-5021-403f-a491-851070c0fd4b,Gene Expression Quantification,released,RNA-Seq,1,12.0 - 28.0,TCGA-MESO,c738e56f-59f2-4af8-9c0c-a40aec781268,released,4372494c-5b1d-484e-9269-8940710e6e12_count,https://github.com/NCI-GDC/htseq-cwl,HTSeq - Counts,v1,Primary Tumor,FALSE,TCGA-YS-A95C,TCGA-YS-A95C-01A
be401f18-3e9d-4122-a8b8-adb998d57d47,TXT,TCGA-SC-A6LM-01A-11R-A34F-07,open,4838a2de-7858-4ad3-bb68-8ceda8220c78.htseq.counts.gz,4838a2de-7858-4ad3-bb68-8ceda8220c78_count,Transcriptome Profiling,gene_expression,2016-05-29T11:14:16.993831-05:00,253270,2018-09-06T15:27:18.371330-05:00,92cab3f52bdba26cda2fea641b62a987,be401f18-3e9d-4122-a8b8-adb998d57d47,Gene Expression Quantification,released,RNA-Seq,1,12.0 - 28.0,TCGA-MESO,759af0b5-7e7b-4526-9708-d113371ea63d,released,4838a2de-7858-4ad3-bb68-8ceda8220c78_count,https://github.com/NCI-GDC/htseq-cwl,HTSeq - Counts,v1,Primary Tumor,FALSE,TCGA-SC-A6LM,TCGA-SC-A6LM-01A
403c14c4-6a5b-4caf-8aca-4a0846372ad8,TXT,TCGA-TS-A8AS-01A-21R-A40A-07,open,ef0110e7-7945-4978-a6eb-33348d9d6ad5.htseq.counts.gz,ef0110e7-7945-4978-a6eb-33348d9d6ad5_count,Transcriptome Profiling,gene_expression,2016-05-30T18:23:57.139554-05:00,248371,2018-09-06T15:27:18.371330-05:00,e96d877cde66f17c5d22bd07367b0f64,403c14c4-6a5b-4caf-8aca-4a0846372ad8,Gene Expression Quantification,released,RNA-Seq,1,12.0 - 28.0,TCGA-MESO,1cd22943-42f8-436e-94cb-0e200dbf3329,released,ef0110e7-7945-4978-a6eb-33348d9d6ad5_count,https://github.com/NCI-GDC/htseq-cwl,HTSeq - Counts,v1,Primary Tumor,FALSE,TCGA-TS-A8AS,TCGA-TS-A8AS-01A
8381756d-96e1-4249-ae8d-4104d0b85c9c,TXT,TCGA-3U-A98E-01A-11R-A40A-07,open,59c0ac33-df0f-44d5-8cbe-9fe90c82b9d9.htseq.counts.gz,59c0ac33-df0f-44d5-8cbe-9fe90c82b9d9_count,Transcriptome Profiling,gene_expression,2016-05-29T11:11:22.322115-05:00,250022,2018-09-06T15:27:18.371330-05:00,af490c1e12b7ca711471aef84da5e80a,8381756d-96e1-4249-ae8d-4104d0b85c9c,Gene Expression Quantification,released,RNA-Seq,1,12.0 - 28.0,TCGA-MESO,a7c39686-3a13-4abf-aee8-990d439e04ea,released,59c0ac33-df0f-44d5-8cbe-9fe90c82b9d9_count,https://github.com/NCI-GDC/htseq-cwl,HTSeq - Counts,v1,Primary Tumor,FALSE,TCGA-3U-A98E,TCGA-3U-A98E-01A
68542d98-9460-42e9-b095-089f3b180cb6,TXT,TCGA-SH-A9CT-01A-11R-A40A-07,open,c6fa3895-31c8-49e1-85c0-b8980f447967.htseq.counts.gz,c6fa3895-31c8-49e1-85c0-b8980f447967_count,Transcriptome Profiling,gene_expression,2016-05-30T18:59:10.986473-05:00,251926,2018-09-06T15:27:18.371330-05:00,c607f0e0d20d3ba0eebbd59660f86022,68542d98-9460-42e9-b095-089f3b180cb6,Gene Expression Quantification,released,RNA-Seq,1,12.0 - 28.0,TCGA-MESO,706f6ee7-061d-4636-878b-bd4f2013cc1a,released,c6fa3895-31c8-49e1-85c0-b8980f447967_count,https://github.com/NCI-GDC/htseq-cwl,HTSeq - Counts,v1,Primary Tumor,FALSE,TCGA-SH-A9CT,TCGA-SH-A9CT-01A
f355560f-0a72-4977-9aae-7de4ebaa866f,TXT,TCGA-XT-AASU-01A-11R-A40A-07,open,321d315b-d07e-4123-97e8-8bf526d20a27.htseq.counts.gz,321d315b-d07e-4123-97e8-8bf526d20a27_count,Transcriptome Profiling,gene_expression,2016-05-30T18:36:42.430261-05:00,253634,2018-09-06T15:27:18.371330-05:00,4faa648e2688efc01d49fbd894918175,f355560f-0a72-4977-9aae-7de4ebaa866f,Gene Expression Quantification,released,RNA-Seq,1,12.0 - 28.0,TCGA-MESO,9df1603b-0156-4cae-8a94-521798bbd3ad,released,321d315b-d07e-4123-97e8-8bf526d20a27_count,https://github.com/NCI-GDC/htseq-cwl,HTSeq - Counts,v1,Primary Tumor,FALSE,TCGA-XT-AASU,TCGA-XT-AASU-01A
9d01e9c0-2301-4a91-ae75-859346189c93,TXT,TCGA-MQ-A4KX-01A-11R-A34F-07,open,af995b92-6e87-480b-9d1e-4363ce7013a4.htseq.counts.gz,af995b92-6e87-480b-9d1e-4363ce7013a4_count,Transcriptome Profiling,gene_expression,2016-05-30T18:36:15.361438-05:00,253315,2018-09-06T15:27:18.371330-05:00,8b0943e4b98fd9d9082d482ef56fbc1b,9d01e9c0-2301-4a91-ae75-859346189c93,Gene Expression Quantification,released,RNA-Seq,1,12.0 - 28.0,TCGA-MESO,7c6565ee-eca0-4578-88a7-a4a973db3cd6,released,af995b92-6e87-480b-9d1e-4363ce7013a4_count,https://github.com/NCI-GDC/htseq-cwl,HTSeq - Counts,v1,Primary Tumor,FALSE,TCGA-MQ-A4KX,TCGA-MQ-A4KX-01A
200bd52b-6fc1-4794-a024-df0cd3d5c706,TXT,TCGA-SC-A6LQ-01A-11R-A34F-07,open,b112ed03-b7f1-4cb7-8ab5-f1a454f3085d.htseq.counts.gz,b112ed03-b7f1-4cb7-8ab5-f1a454f3085d_count,Transcriptome Profiling,gene_expression,2016-05-29T10:27:20.407463-05:00,251634,2018-09-06T15:27:18.371330-05:00,af052ff1a045d2b0d26e918a0bc1c943,200bd52b-6fc1-4794-a024-df0cd3d5c706,Gene Expression Quantification,released,RNA-Seq,1,12.0 - 28.0,TCGA-MESO,14992d78-5089-407f-ba89-30b58f81c964,released,b112ed03-b7f1-4cb7-8ab5-f1a454f3085d_count,https://github.com/NCI-GDC/htseq-cwl,HTSeq - Counts,v1,Primary Tumor,FALSE,TCGA-SC-A6LQ,TCGA-SC-A6LQ-01A
8271d80b-da07-4181-8033-fede54f375e6,TXT,TCGA-3H-AB3O-01A-11R-A40A-07,open,65fa027a-3a47-457f-a0e9-b16a233100f0.htseq.counts.gz,65fa027a-3a47-457f-a0e9-b16a233100f0_count,Transcriptome Profiling,gene_expression,2016-05-26T21:26:26.178470-05:00,251199,2018-09-06T15:27:18.371330-05:00,8a40d06aa1f873a7fb0cedb84fd5e66a,8271d80b-da07-4181-8033-fede54f375e6,Gene Expression Quantification,released,RNA-Seq,1,12.0 - 28.0,TCGA-MESO,876d6677-e4a6-427b-8e65-213b881fa807,released,65fa027a-3a47-457f-a0e9-b16a233100f0_count,https://github.com/NCI-GDC/htseq-cwl,HTSeq - Counts,v1,Primary Tumor,FALSE,TCGA-3H-AB3O,TCGA-3H-AB3O-01A
3e0e2ef7-0b00-49b6-a8e3-7eebcf78e476,TXT,TCGA-MQ-A4LC-01A-31R-A34F-07,open,b920074c-fc7e-4f06-a1a4-311931e203c9.htseq.counts.gz,b920074c-fc7e-4f06-a1a4-311931e203c9_count,Transcriptome Profiling,gene_expression,2016-05-29T11:14:18.445062-05:00,252144,2018-09-06T15:27:18.371330-05:00,0b01e516f60da4e6a5fbd1af392be99d,3e0e2ef7-0b00-49b6-a8e3-7eebcf78e476,Gene Expression Quantification,released,RNA-Seq,1,12.0 - 28.0,TCGA-MESO,671fe3f6-2cd8-4756-b727-56beedb54e73,released,b920074c-fc7e-4f06-a1a4-311931e203c9_count,https://github.com/NCI-GDC/htseq-cwl,HTSeq - Counts,v1,Primary Tumor,FALSE,TCGA-MQ-A4LC,TCGA-MQ-A4LC-01A
6f14088f-ec34-4ab6-8c34-867e41fc37c2,TXT,TCGA-3H-AB3K-01A-11R-A40A-07,open,61f9864c-ebb0-4ce5-86fa-6dc394101af9.htseq.counts.gz,61f9864c-ebb0-4ce5-86fa-6dc394101af9_count,Transcriptome Profiling,gene_expression,2016-05-30T18:55:26.439410-05:00,247733,2018-09-06T15:27:18.371330-05:00,cac7dc56bbd17bbfbcb43ffd23b7b9b1,6f14088f-ec34-4ab6-8c34-867e41fc37c2,Gene Expression Quantification,released,RNA-Seq,1,12.0 - 28.0,TCGA-MESO,dc2c8ca5-300f-43ba-9478-eca7862daa4f,released,61f9864c-ebb0-4ce5-86fa-6dc394101af9_count,https://github.com/NCI-GDC/htseq-cwl,HTSeq - Counts,v1,Primary Tumor,FALSE,TCGA-3H-AB3K,TCGA-3H-AB3K-01A
f594afdc-6bd7-45cf-b189-dcb10d059cd9,TXT,TCGA-3U-A98J-01A-11R-A40A-07,open,d84fb9b3-213e-49df-9f6d-a1bc076a071a.htseq.counts.gz,d84fb9b3-213e-49df-9f6d-a1bc076a071a_count,Transcriptome Profiling,gene_expression,2016-05-30T18:37:27.025459-05:00,250376,2018-09-06T15:27:18.371330-05:00,9e59acc6863b4826fd20dec9d53da476,f594afdc-6bd7-45cf-b189-dcb10d059cd9,Gene Expression Quantification,released,RNA-Seq,1,12.0 - 28.0,TCGA-MESO,71487915-e511-4ac6-a3fc-3d3ab5a87cd7,released,d84fb9b3-213e-49df-9f6d-a1bc076a071a_count,https://github.com/NCI-GDC/htseq-cwl,HTSeq - Counts,v1,Primary Tumor,FALSE,TCGA-3U-A98J,TCGA-3U-A98J-01A
1084c475-8651-4d30-ba75-1c1cade3c633,TXT,TCGA-ZN-A9VS-01A-11R-A40A-07,open,f97de4a4-485e-47ac-9cf2-6201206b383a.htseq.counts.gz,f97de4a4-485e-47ac-9cf2-6201206b383a_count,Transcriptome Profiling,gene_expression,2016-05-29T10:40:55.212175-05:00,250122,2018-09-06T15:27:18.371330-05:00,0aea5512d3b20d6ba016663aa7e0fbfc,1084c475-8651-4d30-ba75-1c1cade3c633,Gene Expression Quantification,released,RNA-Seq,1,12.0 - 28.0,TCGA-MESO,945a3773-8fdd-47b1-b25d-4a016dbe6785,released,f97de4a4-485e-47ac-9cf2-6201206b383a_count,https://github.com/NCI-GDC/htseq-cwl,HTSeq - Counts,v1,Primary Tumor,FALSE,TCGA-ZN-A9VS,TCGA-ZN-A9VS-01A
9a13933f-1b5e-444b-8610-27f1dfda144b,TXT,TCGA-UD-AAC5-01A-11R-A40A-07,open,da1c29c8-a1df-4f08-b685-36c4f308298b.htseq.counts.gz,da1c29c8-a1df-4f08-b685-36c4f308298b_count,Transcriptome Profiling,gene_expression,2016-05-30T18:48:19.303976-05:00,250465,2018-09-06T15:27:18.371330-05:00,8a7c2012279fe8892a1f86c33566c6d2,9a13933f-1b5e-444b-8610-27f1dfda144b,Gene Expression Quantification,released,RNA-Seq,1,12.0 - 28.0,TCGA-MESO,f75315d4-a253-4920-9c9d-b19d573a3983,released,da1c29c8-a1df-4f08-b685-36c4f308298b_count,https://github.com/NCI-GDC/htseq-cwl,HTSeq - Counts,v1,Primary Tumor,FALSE,TCGA-UD-AAC5,TCGA-UD-AAC5-01A
7c95a4ef-fd97-4517-a85e-7286e04d8f57,TXT,TCGA-MQ-A6BL-01A-11R-A34F-07,open,5da3d163-55d7-4310-bccb-e26e26848318.htseq.counts.gz,5da3d163-55d7-4310-bccb-e26e26848318_count,Transcriptome Profiling,gene_expression,2016-05-26T21:11:21.314941-05:00,249265,2018-09-06T15:27:18.371330-05:00,6522514122dea4aeb3144b18f1d41ede,7c95a4ef-fd97-4517-a85e-7286e04d8f57,Gene Expression Quantification,released,RNA-Seq,1,12.0 - 28.0,TCGA-MESO,c4edc8b0-d0e4-4668-8356-01a407e1e71e,released,5da3d163-55d7-4310-bccb-e26e26848318_count,https://github.com/NCI-GDC/htseq-cwl,HTSeq - Counts,v1,Primary Tumor,FALSE,TCGA-MQ-A6BL,TCGA-MQ-A6BL-01A
7061721a-d8fb-42de-972b-7a792513e7ff,TXT,TCGA-3H-AB3U-01A-21R-A40A-07,open,6e2c0764-4e1b-4816-9d9a-aa536153beff.htseq.counts.gz,6e2c0764-4e1b-4816-9d9a-aa536153beff_count,Transcriptome Profiling,gene_expression,2016-05-30T18:44:30.206856-05:00,253333,2018-09-06T15:27:18.371330-05:00,c6e49be141a33a4525d7a3a5d628eb11,7061721a-d8fb-42de-972b-7a792513e7ff,Gene Expression Quantification,released,RNA-Seq,1,12.0 - 28.0,TCGA-MESO,e4b287c6-8ef0-4b28-9608-cdbf6cbae9c6,released,6e2c0764-4e1b-4816-9d9a-aa536153beff_count,https://github.com/NCI-GDC/htseq-cwl,HTSeq - Counts,v1,Primary Tumor,FALSE,TCGA-3H-AB3U,TCGA-3H-AB3U-01A
8da0791b-5d6b-419c-92d4-c909405a0d96,TXT,TCGA-3U-A98F-01A-11R-A40A-07,open,664ebf1f-f8be-48dd-995c-bea81982b6a7.htseq.counts.gz,664ebf1f-f8be-48dd-995c-bea81982b6a7_count,Transcriptome Profiling,gene_expression,2016-05-26T21:23:14.782489-05:00,253485,2018-09-06T15:27:18.371330-05:00,1bce0f6cfde90ac09e8df0ceaeb82305,8da0791b-5d6b-419c-92d4-c909405a0d96,Gene Expression Quantification,released,RNA-Seq,1,12.0 - 28.0,TCGA-MESO,dc1025e8-32b7-45e5-a805-c9b62e4c63f8,released,664ebf1f-f8be-48dd-995c-bea81982b6a7_count,https://github.com/NCI-GDC/htseq-cwl,HTSeq - Counts,v1,Primary Tumor,FALSE,TCGA-3U-A98F,TCGA-3U-A98F-01A
c936f770-e0e4-4897-aa82-abd7bd2cd841,TXT,TCGA-3U-A98D-01A-12R-A40A-07,open,17b38d44-cf29-495e-b145-68959926b3d9.htseq.counts.gz,17b38d44-cf29-495e-b145-68959926b3d9_count,Transcriptome Profiling,gene_expression,2016-05-30T18:45:42.096253-05:00,249422,2018-09-06T15:27:18.371330-05:00,4db0bcfd7f1f6de1e88938ec1503c3dc,c936f770-e0e4-4897-aa82-abd7bd2cd841,Gene Expression Quantification,released,RNA-Seq,1,12.0 - 28.0,TCGA-MESO,b06fcd5e-2bb8-426f-8e17-bf95c4e30133,released,17b38d44-cf29-495e-b145-68959926b3d9_count,https://github.com/NCI-GDC/htseq-cwl,HTSeq - Counts,v1,Primary Tumor,FALSE,TCGA-3U-A98D,TCGA-3U-A98D-01A
dc2f18e5-1b14-469b-9a1b-cc7497b5421d,TXT,TCGA-MQ-A4LI-01A-11R-A34F-07,open,40f5a19e-e5c5-454c-9230-369ac11e5fcc.htseq.counts.gz,40f5a19e-e5c5-454c-9230-369ac11e5fcc_count,Transcriptome Profiling,gene_expression,2016-05-29T10:10:42.230038-05:00,250538,2018-09-06T15:27:18.371330-05:00,46eb414e1318055bf842b318bbeffebc,dc2f18e5-1b14-469b-9a1b-cc7497b5421d,Gene Expression Quantification,released,RNA-Seq,1,12.0 - 28.0,TCGA-MESO,778427c5-b37d-4ba1-a4cc-65c48347bdb9,released,40f5a19e-e5c5-454c-9230-369ac11e5fcc_count,https://github.com/NCI-GDC/htseq-cwl,HTSeq - Counts,v1,Primary Tumor,FALSE,TCGA-MQ-A4LI,TCGA-MQ-A4LI-01A
b60d382b-4736-4cf4-9388-aa9522ad7771,TXT,TCGA-SC-A6LR-01A-11R-A34F-07,open,229af764-31b6-4e75-9b6f-57a2c37f3c03.htseq.counts.gz,229af764-31b6-4e75-9b6f-57a2c37f3c03_count,Transcriptome Profiling,gene_expression,2016-05-29T10:57:29.434325-05:00,251471,2018-09-06T15:27:18.371330-05:00,3002465014de59ed27618eeb0444462d,b60d382b-4736-4cf4-9388-aa9522ad7771,Gene Expression Quantification,released,RNA-Seq,1,12.0 - 28.0,TCGA-MESO,565ca196-bcc1-49ba-964e-c618ef62c504,released,229af764-31b6-4e75-9b6f-57a2c37f3c03_count,https://github.com/NCI-GDC/htseq-cwl,HTSeq - Counts,v1,Primary Tumor,FALSE,TCGA-SC-A6LR,TCGA-SC-A6LR-01A
e55357ff-d99c-4f01-bb77-0b5e1a560559,TXT,TCGA-SH-A7BD-01A-11R-A34F-07,open,76513ac2-b3cb-419b-9634-e595703051f3.htseq.counts.gz,76513ac2-b3cb-419b-9634-e595703051f3_count,Transcriptome Profiling,gene_expression,2016-05-30T18:28:21.983058-05:00,247903,2018-09-06T15:27:18.371330-05:00,33d75aad8d7e16602b00d99b1c47b617,e55357ff-d99c-4f01-bb77-0b5e1a560559,Gene Expression Quantification,released,RNA-Seq,1,12.0 - 28.0,TCGA-MESO,ff99de03-0708-46b3-9da8-759d8d2896c8,released,76513ac2-b3cb-419b-9634-e595703051f3_count,https://github.com/NCI-GDC/htseq-cwl,HTSeq - Counts,v1,Primary Tumor,FALSE,TCGA-SH-A7BD,TCGA-SH-A7BD-01A
069e4034-0867-4d4d-aa16-eb52da20bdbc,TXT,TCGA-ZN-A9VQ-01A-11R-A40A-07,open,a29d63e7-5f54-4ca2-8f4b-730e85dafbcf.htseq.counts.gz,a29d63e7-5f54-4ca2-8f4b-730e85dafbcf_count,Transcriptome Profiling,gene_expression,2016-05-30T19:04:32.165264-05:00,255355,2018-09-06T15:27:18.371330-05:00,7cd6b737348fd5178217c78058d1cd8f,069e4034-0867-4d4d-aa16-eb52da20bdbc,Gene Expression Quantification,released,RNA-Seq,1,12.0 - 28.0,TCGA-MESO,7d526351-740b-499b-a9b0-43d8b23b799f,released,a29d63e7-5f54-4ca2-8f4b-730e85dafbcf_count,https://github.com/NCI-GDC/htseq-cwl,HTSeq - Counts,v1,Primary Tumor,FALSE,TCGA-ZN-A9VQ,TCGA-ZN-A9VQ-01A
348924bf-0c21-41c5-b42c-9ab976e435ff,TXT,TCGA-TS-A8AF-01A-11R-A40A-07,open,a2ba0d76-73ce-468a-8130-5915f2537c3d.htseq.counts.gz,a2ba0d76-73ce-468a-8130-5915f2537c3d_count,Transcriptome Profiling,gene_expression,2016-05-29T10:56:50.796504-05:00,254453,2018-09-06T15:27:18.371330-05:00,a07228676b1cdf194646516f9adacb3b,348924bf-0c21-41c5-b42c-9ab976e435ff,Gene Expression Quantification,released,RNA-Seq,1,12.0 - 28.0,TCGA-MESO,ef59d278-0b1a-43fa-b6e2-9257f2784d0f,released,a2ba0d76-73ce-468a-8130-5915f2537c3d_count,https://github.com/NCI-GDC/htseq-cwl,HTSeq - Counts,v1,Primary Tumor,FALSE,TCGA-TS-A8AF,TCGA-TS-A8AF-01A
4c129f26-c581-4046-93ce-2aa0f5b9c8a1,TXT,TCGA-MQ-A6BS-01A-12R-A34F-07,open,df411e1f-9939-4283-be44-643cc99a9568.htseq.counts.gz,df411e1f-9939-4283-be44-643cc99a9568_count,Transcriptome Profiling,gene_expression,2016-05-29T10:27:36.070073-05:00,250608,2018-09-06T15:27:18.371330-05:00,5db617b279ddde455d1f3d2050357555,4c129f26-c581-4046-93ce-2aa0f5b9c8a1,Gene Expression Quantification,released,RNA-Seq,1,12.0 - 28.0,TCGA-MESO,70ca6a83-30ac-4597-b1de-16c842ef2344,released,df411e1f-9939-4283-be44-643cc99a9568_count,https://github.com/NCI-GDC/htseq-cwl,HTSeq - Counts,v1,Primary Tumor,FALSE,TCGA-MQ-A6BS,TCGA-MQ-A6BS-01A
035fca2e-9ab3-4ba6-8de3-648c7badf6e8,TXT,TCGA-MQ-A4LM-01A-11R-A34F-07,open,cae85d5b-9453-48b9-b1d3-3f64d921fabd.htseq.counts.gz,cae85d5b-9453-48b9-b1d3-3f64d921fabd_count,Transcriptome Profiling,gene_expression,2016-05-26T21:10:21.556723-05:00,250961,2018-09-06T15:27:18.371330-05:00,216d416aa5d6108f395dda796bd0924c,035fca2e-9ab3-4ba6-8de3-648c7badf6e8,Gene Expression Quantification,released,RNA-Seq,1,12.0 - 28.0,TCGA-MESO,873a8dfe-de5c-47af-a3f2-0790f844cb33,released,cae85d5b-9453-48b9-b1d3-3f64d921fabd_count,https://github.com/NCI-GDC/htseq-cwl,HTSeq - Counts,v1,Primary Tumor,FALSE,TCGA-MQ-A4LM,TCGA-MQ-A4LM-01A
aa44070f-4928-4312-b361-ee8b5309e132,TXT,TCGA-LK-A4O4-01A-11R-A34F-07,open,821e42cc-d1b9-48e1-959d-9df561c4aeb5.htseq.counts.gz,821e42cc-d1b9-48e1-959d-9df561c4aeb5_count,Transcriptome Profiling,gene_expression,2016-05-29T10:41:30.427944-05:00,250213,2018-09-06T15:27:18.371330-05:00,5b4ff6ed9e7184a163c0d402be7def6d,aa44070f-4928-4312-b361-ee8b5309e132,Gene Expression Quantification,released,RNA-Seq,1,12.0 - 28.0,TCGA-MESO,6a7751c9-fe8c-4577-a48a-de3d32d5021b,released,821e42cc-d1b9-48e1-959d-9df561c4aeb5_count,https://github.com/NCI-GDC/htseq-cwl,HTSeq - Counts,v1,Primary Tumor,FALSE,TCGA-LK-A4O4,TCGA-LK-A4O4-01A
c915165f-ea79-4c17-a66c-624ec5cf82b0,TXT,TCGA-SC-A6LN-01A-11R-A34F-07,open,db419009-484f-4d09-84b1-8a9908b45198.htseq.counts.gz,db419009-484f-4d09-84b1-8a9908b45198_count,Transcriptome Profiling,gene_expression,2016-05-29T10:07:03.596323-05:00,253054,2018-09-06T15:27:18.371330-05:00,544cea6cc262842fa67f2b14a4e65649,c915165f-ea79-4c17-a66c-624ec5cf82b0,Gene Expression Quantification,released,RNA-Seq,1,12.0 - 28.0,TCGA-MESO,52a62a11-067e-46e6-94ce-a755c49af47c,released,db419009-484f-4d09-84b1-8a9908b45198_count,https://github.com/NCI-GDC/htseq-cwl,HTSeq - Counts,v1,Primary Tumor,FALSE,TCGA-SC-A6LN,TCGA-SC-A6LN-01A
54bd9699-df70-4175-bdfa-4c2abb485089,TXT,TCGA-UD-AAC1-01A-11R-A40A-07,open,1d0993f1-3b40-4005-b907-1a7aa5f0dd31.htseq.counts.gz,1d0993f1-3b40-4005-b907-1a7aa5f0dd31_count,Transcriptome Profiling,gene_expression,2016-05-30T19:00:42.509407-05:00,255637,2018-09-06T15:27:18.371330-05:00,5bc274d2f36b281a8432b2610546ef3c,54bd9699-df70-4175-bdfa-4c2abb485089,Gene Expression Quantification,released,RNA-Seq,1,12.0 - 28.0,TCGA-MESO,47c3a643-0bd5-46ef-b7d2-e138d3a7fc03,released,1d0993f1-3b40-4005-b907-1a7aa5f0dd31_count,https://github.com/NCI-GDC/htseq-cwl,HTSeq - Counts,v1,Primary Tumor,FALSE,TCGA-UD-AAC1,TCGA-UD-AAC1-01A
